product_id,name,category,style,color,occasion,material,price,description
P0001,Shoulder Bag,accessories,elegant,pink,wedding,linen,2400,pink elegant Shoulder Bag for wedding. Made from linen. Suitable for elegant looks and wedding occasions.
P0002,Shoulder Bag,accessories,formal,navy,office,satin,6100,navy formal Shoulder Bag for office. Made from satin. Suitable for formal looks and office occasions.
P0003,Midi Dress,dresses,elegant,blue,wedding,satin,8400,blue elegant Midi Dress for wedding. Made from satin. Suitable for elegant looks and wedding occasions.
P0004,Shirt Dress,dresses,casual,navy,festive,linen,6400,navy casual Shirt Dress for festive. Made from linen. Suitable for casual looks and festive occasions.
P0005,Loafers,shoes,streetwear,black,party,polyester,6100,black streetwear Loafers for party. Made from polyester. Suitable for streetwear looks and party occasions.
P0006,Saree,ethnic,casual,blue,travel,cotton,1800,blue casual Saree for travel. Made from cotton. Suitable for casual looks and travel occasions.
P0007,Wide Leg Trousers,bottoms,minimal,green,date,knit,1200,green minimal Wide Leg Trousers for date. Made from knit. Suitable for minimal looks and date occasions.
P0008,Statement Earrings,accessories,traditional,white,festive,cotton,7700,white traditional Statement Earrings for festive. Made from cotton. Suitable for traditional looks and festive occasions.
P0009,Lehenga,ethnic,streetwear,green,wedding,polyester,1500,green streetwear Lehenga for wedding. Made from polyester. Suitable for streetwear looks and wedding occasions.
P0010,Maxi Dress,dresses,streetwear,pink,office,knit,3600,pink streetwear Maxi Dress for office. Made from knit. Suitable for streetwear looks and office occasions.
P0011,Bodycon Dress,dresses,minimal,brown,travel,linen,5400,brown minimal Bodycon Dress for travel. Made from linen. Suitable for minimal looks and travel occasions.
P0012,Kurta Set,ethnic,formal,pink,office,satin,8800,pink formal Kurta Set for office. Made from satin. Suitable for formal looks and office occasions.
P0013,Oversized Shirt,tops,formal,blue,party,silk,5500,blue formal Oversized Shirt for party. Made from silk. Suitable for formal looks and party occasions.
P0014,Lehenga,ethnic,casual,green,college,linen,1100,green casual Lehenga for college. Made from linen. Suitable for casual looks and college occasions.
P0015,Sharara Set,ethnic,minimal,white,wedding,satin,9800,white minimal Sharara Set for wedding. Made from satin. Suitable for minimal looks and wedding occasions.
P0016,Kurta Set,ethnic,formal,brown,festive,polyester,6500,brown formal Kurta Set for festive. Made from polyester. Suitable for formal looks and festive occasions.
P0017,Blouse,tops,casual,blue,date,polyester,8100,blue casual Blouse for date. Made from polyester. Suitable for casual looks and date occasions.
P0018,Pleated Skirt,bottoms,minimal,blue,party,satin,7000,blue minimal Pleated Skirt for party. Made from satin. Suitable for minimal looks and party occasions.
P0019,Midi Dress,dresses,streetwear,white,party,polyester,2700,white streetwear Midi Dress for party. Made from polyester. Suitable for streetwear looks and party occasions.
P0020,Statement Earrings,accessories,traditional,white,festive,silk,8300,white traditional Statement Earrings for festive. Made from silk. Suitable for traditional looks and festive occasions.
P0021,Palazzo Pants,bottoms,traditional,black,office,polyester,7500,black traditional Palazzo Pants for office. Made from polyester. Suitable for traditional looks and office occasions.
P0022,Saree,ethnic,elegant,pink,festive,linen,6500,pink elegant Saree for festive. Made from linen. Suitable for elegant looks and festive occasions.
P0023,Wrap Dress,dresses,traditional,beige,office,knit,8700,beige traditional Wrap Dress for office. Made from knit. Suitable for traditional looks and office occasions.
P0024,Lehenga,ethnic,traditional,blue,party,denim,2700,blue traditional Lehenga for party. Made from denim. Suitable for traditional looks and party occasions.
P0025,Sandals,shoes,elegant,lavender,travel,silk,900,lavender elegant Sandals for travel. Made from silk. Suitable for elegant looks and travel occasions.
P0026,Wrap Dress,dresses,streetwear,pink,wedding,cotton,3700,pink streetwear Wrap Dress for wedding. Made from cotton. Suitable for streetwear looks and wedding occasions.
P0027,Block Heels,shoes,elegant,brown,office,knit,7500,brown elegant Block Heels for office. Made from knit. Suitable for elegant looks and office occasions.
P0028,Crop Top,tops,formal,brown,party,denim,7400,brown formal Crop Top for party. Made from denim. Suitable for formal looks and party occasions.
P0029,Flats,shoes,casual,navy,wedding,polyester,4600,navy casual Flats for wedding. Made from polyester. Suitable for casual looks and wedding occasions.
P0030,Palazzo Pants,bottoms,trendy,navy,everyday,cotton,3800,navy trendy Palazzo Pants for everyday. Made from cotton. Suitable for trendy looks and everyday occasions.
P0031,Satin Top,tops,minimal,black,wedding,satin,3500,black minimal Satin Top for wedding. Made from satin. Suitable for minimal looks and wedding occasions.
P0032,Midi Dress,dresses,formal,black,wedding,cotton,1100,black formal Midi Dress for wedding. Made from cotton. Suitable for formal looks and wedding occasions.
P0033,Anarkali,ethnic,traditional,blue,date,polyester,6900,blue traditional Anarkali for date. Made from polyester. Suitable for traditional looks and date occasions.
P0034,Oversized Shirt,tops,casual,lavender,everyday,linen,6700,lavender casual Oversized Shirt for everyday. Made from linen. Suitable for casual looks and everyday occasions.
P0035,Straight Jeans,bottoms,elegant,white,festive,denim,6100,white elegant Straight Jeans for festive. Made from denim. Suitable for elegant looks and festive occasions.
P0036,Pleated Skirt,bottoms,streetwear,black,office,cotton,5800,black streetwear Pleated Skirt for office. Made from cotton. Suitable for streetwear looks and office occasions.
P0037,Clutch,accessories,streetwear,white,wedding,linen,3100,white streetwear Clutch for wedding. Made from linen. Suitable for streetwear looks and wedding occasions.
P0038,Flats,shoes,casual,red,party,denim,6600,red casual Flats for party. Made from denim. Suitable for casual looks and party occasions.
P0039,Satin Top,tops,trendy,navy,office,cotton,9000,navy trendy Satin Top for office. Made from cotton. Suitable for trendy looks and office occasions.
P0040,Block Heels,shoes,elegant,blue,party,silk,6900,blue elegant Block Heels for party. Made from silk. Suitable for elegant looks and party occasions.
P0041,Straight Jeans,bottoms,streetwear,red,college,linen,5500,red streetwear Straight Jeans for college. Made from linen. Suitable for streetwear looks and college occasions.
P0042,Bodycon Dress,dresses,minimal,brown,date,silk,9600,brown minimal Bodycon Dress for date. Made from silk. Suitable for minimal looks and date occasions.
P0043,Watch,accessories,formal,brown,party,linen,4400,brown formal Watch for party. Made from linen. Suitable for formal looks and party occasions.
P0044,Satin Top,tops,traditional,navy,college,polyester,4700,navy traditional Satin Top for college. Made from polyester. Suitable for traditional looks and college occasions.
P0045,Midi Dress,dresses,traditional,brown,party,cotton,7200,brown traditional Midi Dress for party. Made from cotton. Suitable for traditional looks and party occasions.
P0046,Maxi Dress,dresses,elegant,lavender,office,polyester,3700,lavender elegant Maxi Dress for office. Made from polyester. Suitable for elegant looks and office occasions.
P0047,Wide Leg Trousers,bottoms,traditional,blue,college,satin,1700,blue traditional Wide Leg Trousers for college. Made from satin. Suitable for traditional looks and college occasions.
P0048,Palazzo Pants,bottoms,minimal,blue,travel,linen,4000,blue minimal Palazzo Pants for travel. Made from linen. Suitable for minimal looks and travel occasions.
P0049,Straight Jeans,bottoms,formal,pink,everyday,denim,1600,pink formal Straight Jeans for everyday. Made from denim. Suitable for formal looks and everyday occasions.
P0050,Bodycon Dress,dresses,traditional,lavender,office,cotton,7500,lavender traditional Bodycon Dress for office. Made from cotton. Suitable for traditional looks and office occasions.
P0051,Oversized Shirt,tops,minimal,beige,travel,cotton,3800,beige minimal Oversized Shirt for travel. Made from cotton. Suitable for minimal looks and travel occasions.
P0052,Saree,ethnic,casual,brown,date,satin,9000,brown casual Saree for date. Made from satin. Suitable for casual looks and date occasions.
P0053,Block Heels,shoes,formal,navy,date,polyester,2000,navy formal Block Heels for date. Made from polyester. Suitable for formal looks and date occasions.
P0054,Blouse,tops,elegant,white,party,denim,4300,white elegant Blouse for party. Made from denim. Suitable for elegant looks and party occasions.
P0055,Sneakers,shoes,formal,green,wedding,polyester,8800,green formal Sneakers for wedding. Made from polyester. Suitable for formal looks and wedding occasions.
P0056,Lehenga,ethnic,trendy,pink,college,cotton,8800,pink trendy Lehenga for college. Made from cotton. Suitable for trendy looks and college occasions.
P0057,Palazzo Pants,bottoms,elegant,black,travel,knit,2300,black elegant Palazzo Pants for travel. Made from knit. Suitable for elegant looks and travel occasions.
P0058,Clutch,accessories,casual,brown,festive,satin,800,brown casual Clutch for festive. Made from satin. Suitable for casual looks and festive occasions.
P0059,Midi Dress,dresses,formal,beige,college,knit,5400,beige formal Midi Dress for college. Made from knit. Suitable for formal looks and college occasions.
P0060,Sandals,shoes,casual,red,party,cotton,4600,red casual Sandals for party. Made from cotton. Suitable for casual looks and party occasions.
P0061,Anarkali,ethnic,minimal,blue,wedding,polyester,2000,blue minimal Anarkali for wedding. Made from polyester. Suitable for minimal looks and wedding occasions.
P0062,Lehenga,ethnic,streetwear,red,party,linen,2700,red streetwear Lehenga for party. Made from linen. Suitable for streetwear looks and party occasions.
P0063,Knit Top,tops,elegant,beige,travel,knit,5900,beige elegant Knit Top for travel. Made from knit. Suitable for elegant looks and travel occasions.
P0064,Tote Bag,accessories,minimal,beige,office,silk,1100,beige minimal Tote Bag for office. Made from silk. Suitable for minimal looks and office occasions.
P0065,Straight Jeans,bottoms,casual,brown,travel,denim,3600,brown casual Straight Jeans for travel. Made from denim. Suitable for casual looks and travel occasions.
P0066,Satin Top,tops,formal,blue,festive,denim,4200,blue formal Satin Top for festive. Made from denim. Suitable for formal looks and festive occasions.
P0067,Wrap Dress,dresses,minimal,navy,festive,polyester,7500,navy minimal Wrap Dress for festive. Made from polyester. Suitable for minimal looks and festive occasions.
P0068,Anarkali,ethnic,elegant,pink,party,satin,4000,pink elegant Anarkali for party. Made from satin. Suitable for elegant looks and party occasions.
P0069,Midi Dress,dresses,traditional,red,travel,polyester,4700,red traditional Midi Dress for travel. Made from polyester. Suitable for traditional looks and travel occasions.
P0070,Wide Leg Trousers,bottoms,trendy,lavender,wedding,denim,1200,lavender trendy Wide Leg Trousers for wedding. Made from denim. Suitable for trendy looks and wedding occasions.
P0071,Statement Earrings,accessories,elegant,navy,wedding,denim,6200,navy elegant Statement Earrings for wedding. Made from denim. Suitable for elegant looks and wedding occasions.
P0072,Wrap Dress,dresses,traditional,green,office,polyester,4500,green traditional Wrap Dress for office. Made from polyester. Suitable for traditional looks and office occasions.
P0073,Loafers,shoes,formal,red,travel,silk,9600,red formal Loafers for travel. Made from silk. Suitable for formal looks and travel occasions.
P0074,Lehenga,ethnic,casual,blue,festive,polyester,5500,blue casual Lehenga for festive. Made from polyester. Suitable for casual looks and festive occasions.
P0075,Tote Bag,accessories,traditional,lavender,date,silk,7700,lavender traditional Tote Bag for date. Made from silk. Suitable for traditional looks and date occasions.
P0076,Wrap Dress,dresses,minimal,blue,festive,knit,8100,blue minimal Wrap Dress for festive. Made from knit. Suitable for minimal looks and festive occasions.
P0077,Loafers,shoes,trendy,brown,everyday,polyester,3400,brown trendy Loafers for everyday. Made from polyester. Suitable for trendy looks and everyday occasions.
P0078,Flats,shoes,streetwear,beige,office,denim,7200,beige streetwear Flats for office. Made from denim. Suitable for streetwear looks and office occasions.
P0079,Watch,accessories,minimal,white,wedding,polyester,4600,white minimal Watch for wedding. Made from polyester. Suitable for minimal looks and wedding occasions.
P0080,Crop Top,tops,casual,black,college,linen,6700,black casual Crop Top for college. Made from linen. Suitable for casual looks and college occasions.
P0081,Block Heels,shoes,trendy,red,wedding,polyester,9600,red trendy Block Heels for wedding. Made from polyester. Suitable for trendy looks and wedding occasions.
P0082,Pleated Skirt,bottoms,trendy,blue,party,polyester,9500,blue trendy Pleated Skirt for party. Made from polyester. Suitable for trendy looks and party occasions.
P0083,Midi Dress,dresses,streetwear,red,wedding,linen,9600,red streetwear Midi Dress for wedding. Made from linen. Suitable for streetwear looks and wedding occasions.
P0084,Flats,shoes,elegant,navy,wedding,knit,2200,navy elegant Flats for wedding. Made from knit. Suitable for elegant looks and wedding occasions.
P0085,Straight Jeans,bottoms,streetwear,brown,travel,knit,6300,brown streetwear Straight Jeans for travel. Made from knit. Suitable for streetwear looks and travel occasions.
P0086,Sandals,shoes,trendy,navy,everyday,linen,6700,navy trendy Sandals for everyday. Made from linen. Suitable for trendy looks and everyday occasions.
P0087,Palazzo Pants,bottoms,streetwear,blue,date,knit,7300,blue streetwear Palazzo Pants for date. Made from knit. Suitable for streetwear looks and date occasions.
P0088,Straight Jeans,bottoms,minimal,brown,office,polyester,4300,brown minimal Straight Jeans for office. Made from polyester. Suitable for minimal looks and office occasions.
P0089,Blouse,tops,minimal,green,office,linen,2600,green minimal Blouse for office. Made from linen. Suitable for minimal looks and office occasions.
P0090,Knit Top,tops,formal,beige,wedding,cotton,6000,beige formal Knit Top for wedding. Made from cotton. Suitable for formal looks and wedding occasions.
P0091,Palazzo Pants,bottoms,traditional,brown,festive,cotton,3300,brown traditional Palazzo Pants for festive. Made from cotton. Suitable for traditional looks and festive occasions.
P0092,Pleated Skirt,bottoms,streetwear,lavender,college,knit,8000,lavender streetwear Pleated Skirt for college. Made from knit. Suitable for streetwear looks and college occasions.
P0093,Pleated Skirt,bottoms,elegant,green,date,knit,5600,green elegant Pleated Skirt for date. Made from knit. Suitable for elegant looks and date occasions.
P0094,Straight Jeans,bottoms,trendy,blue,date,silk,6900,blue trendy Straight Jeans for date. Made from silk. Suitable for trendy looks and date occasions.
P0095,Bodycon Dress,dresses,minimal,red,party,knit,6600,red minimal Bodycon Dress for party. Made from knit. Suitable for minimal looks and party occasions.
P0096,Oversized Shirt,tops,traditional,black,festive,satin,7900,black traditional Oversized Shirt for festive. Made from satin. Suitable for traditional looks and festive occasions.
P0097,Shoulder Bag,accessories,elegant,red,party,knit,6600,red elegant Shoulder Bag for party. Made from knit. Suitable for elegant looks and party occasions.
P0098,Satin Top,tops,minimal,red,travel,linen,6500,red minimal Satin Top for travel. Made from linen. Suitable for minimal looks and travel occasions.
P0099,Saree,ethnic,streetwear,red,date,knit,6000,red streetwear Saree for date. Made from knit. Suitable for streetwear looks and date occasions.
P0100,Anarkali,ethnic,trendy,black,college,denim,3500,black trendy Anarkali for college. Made from denim. Suitable for trendy looks and college occasions.
P0101,Shoulder Bag,accessories,streetwear,black,college,linen,3200,black streetwear Shoulder Bag for college. Made from linen. Suitable for streetwear looks and college occasions.
P0102,Shirt Dress,dresses,casual,blue,party,silk,9200,blue casual Shirt Dress for party. Made from silk. Suitable for casual looks and party occasions.
P0103,Shirt Dress,dresses,casual,brown,date,knit,5400,brown casual Shirt Dress for date. Made from knit. Suitable for casual looks and date occasions.
P0104,Oversized Shirt,tops,traditional,white,party,denim,2000,white traditional Oversized Shirt for party. Made from denim. Suitable for traditional looks and party occasions.
P0105,Block Heels,shoes,minimal,lavender,festive,silk,9800,lavender minimal Block Heels for festive. Made from silk. Suitable for minimal looks and festive occasions.
P0106,Satin Top,tops,traditional,blue,office,polyester,4500,blue traditional Satin Top for office. Made from polyester. Suitable for traditional looks and office occasions.
P0107,Watch,accessories,streetwear,white,college,denim,7500,white streetwear Watch for college. Made from denim. Suitable for streetwear looks and college occasions.
P0108,Palazzo Pants,bottoms,elegant,navy,travel,cotton,6000,navy elegant Palazzo Pants for travel. Made from cotton. Suitable for elegant looks and travel occasions.
P0109,Wide Leg Trousers,bottoms,trendy,green,everyday,polyester,2600,green trendy Wide Leg Trousers for everyday. Made from polyester. Suitable for trendy looks and everyday occasions.
P0110,Straight Jeans,bottoms,formal,navy,date,satin,7500,navy formal Straight Jeans for date. Made from satin. Suitable for formal looks and date occasions.
P0111,Pleated Skirt,bottoms,trendy,lavender,date,denim,3800,lavender trendy Pleated Skirt for date. Made from denim. Suitable for trendy looks and date occasions.
P0112,Wrap Dress,dresses,trendy,blue,everyday,satin,8500,blue trendy Wrap Dress for everyday. Made from satin. Suitable for trendy looks and everyday occasions.
P0113,Statement Earrings,accessories,minimal,black,everyday,knit,4800,black minimal Statement Earrings for everyday. Made from knit. Suitable for minimal looks and everyday occasions.
P0114,Knit Top,tops,casual,green,date,denim,4200,green casual Knit Top for date. Made from denim. Suitable for casual looks and date occasions.
P0115,Loafers,shoes,traditional,black,wedding,cotton,3700,black traditional Loafers for wedding. Made from cotton. Suitable for traditional looks and wedding occasions.
P0116,Statement Earrings,accessories,trendy,navy,wedding,polyester,6700,navy trendy Statement Earrings for wedding. Made from polyester. Suitable for trendy looks and wedding occasions.
P0117,Statement Earrings,accessories,trendy,black,office,denim,3500,black trendy Statement Earrings for office. Made from denim. Suitable for trendy looks and office occasions.
P0118,Straight Jeans,bottoms,minimal,lavender,travel,silk,7700,lavender minimal Straight Jeans for travel. Made from silk. Suitable for minimal looks and travel occasions.
P0119,Loafers,shoes,trendy,navy,travel,denim,9600,navy trendy Loafers for travel. Made from denim. Suitable for trendy looks and travel occasions.
P0120,Palazzo Pants,bottoms,minimal,pink,wedding,cotton,9900,pink minimal Palazzo Pants for wedding. Made from cotton. Suitable for minimal looks and wedding occasions.
P0121,Blouse,tops,elegant,navy,party,linen,3400,navy elegant Blouse for party. Made from linen. Suitable for elegant looks and party occasions.
P0122,Statement Earrings,accessories,minimal,lavender,date,cotton,3100,lavender minimal Statement Earrings for date. Made from cotton. Suitable for minimal looks and date occasions.
P0123,Kurta Set,ethnic,minimal,beige,date,cotton,9700,beige minimal Kurta Set for date. Made from cotton. Suitable for minimal looks and date occasions.
P0124,Sneakers,shoes,minimal,black,college,satin,4400,black minimal Sneakers for college. Made from satin. Suitable for minimal looks and college occasions.
P0125,Tote Bag,accessories,formal,brown,office,knit,800,brown formal Tote Bag for office. Made from knit. Suitable for formal looks and office occasions.
P0126,Loafers,shoes,trendy,brown,everyday,denim,3000,brown trendy Loafers for everyday. Made from denim. Suitable for trendy looks and everyday occasions.
P0127,Wrap Dress,dresses,streetwear,brown,office,knit,1500,brown streetwear Wrap Dress for office. Made from knit. Suitable for streetwear looks and office occasions.
P0128,Pleated Skirt,bottoms,elegant,lavender,college,linen,2600,lavender elegant Pleated Skirt for college. Made from linen. Suitable for elegant looks and college occasions.
P0129,Loafers,shoes,elegant,blue,office,satin,6000,blue elegant Loafers for office. Made from satin. Suitable for elegant looks and office occasions.
P0130,Sandals,shoes,streetwear,lavender,wedding,knit,7300,lavender streetwear Sandals for wedding. Made from knit. Suitable for streetwear looks and wedding occasions.
P0131,Pleated Skirt,bottoms,trendy,pink,festive,denim,7900,pink trendy Pleated Skirt for festive. Made from denim. Suitable for trendy looks and festive occasions.
P0132,Block Heels,shoes,traditional,white,wedding,polyester,3400,white traditional Block Heels for wedding. Made from polyester. Suitable for traditional looks and wedding occasions.
P0133,Anarkali,ethnic,casual,blue,party,satin,1600,blue casual Anarkali for party. Made from satin. Suitable for casual looks and party occasions.
P0134,Satin Top,tops,trendy,brown,everyday,denim,1100,brown trendy Satin Top for everyday. Made from denim. Suitable for trendy looks and everyday occasions.
P0135,Blouse,tops,formal,pink,everyday,cotton,9400,pink formal Blouse for everyday. Made from cotton. Suitable for formal looks and everyday occasions.
P0136,Blouse,tops,streetwear,lavender,wedding,silk,2100,lavender streetwear Blouse for wedding. Made from silk. Suitable for streetwear looks and wedding occasions.
P0137,Sneakers,shoes,formal,beige,date,knit,2500,beige formal Sneakers for date. Made from knit. Suitable for formal looks and date occasions.
P0138,Midi Dress,dresses,casual,pink,date,silk,2200,pink casual Midi Dress for date. Made from silk. Suitable for casual looks and date occasions.
P0139,Palazzo Pants,bottoms,formal,red,date,satin,7600,red formal Palazzo Pants for date. Made from satin. Suitable for formal looks and date occasions.
P0140,Pleated Skirt,bottoms,elegant,lavender,college,silk,4800,lavender elegant Pleated Skirt for college. Made from silk. Suitable for elegant looks and college occasions.
P0141,Loafers,shoes,elegant,white,wedding,polyester,8000,white elegant Loafers for wedding. Made from polyester. Suitable for elegant looks and wedding occasions.
P0142,Block Heels,shoes,streetwear,pink,college,knit,2900,pink streetwear Block Heels for college. Made from knit. Suitable for streetwear looks and college occasions.
P0143,Pleated Skirt,bottoms,minimal,beige,festive,polyester,6900,beige minimal Pleated Skirt for festive. Made from polyester. Suitable for minimal looks and festive occasions.
P0144,Bodycon Dress,dresses,minimal,red,travel,denim,9200,red minimal Bodycon Dress for travel. Made from denim. Suitable for minimal looks and travel occasions.
P0145,Maxi Dress,dresses,minimal,red,everyday,denim,9100,red minimal Maxi Dress for everyday. Made from denim. Suitable for minimal looks and everyday occasions.
P0146,Wide Leg Trousers,bottoms,trendy,white,travel,denim,4800,white trendy Wide Leg Trousers for travel. Made from denim. Suitable for trendy looks and travel occasions.
P0147,Bodycon Dress,dresses,streetwear,navy,college,polyester,7600,navy streetwear Bodycon Dress for college. Made from polyester. Suitable for streetwear looks and college occasions.
P0148,Pleated Skirt,bottoms,elegant,blue,travel,satin,7000,blue elegant Pleated Skirt for travel. Made from satin. Suitable for elegant looks and travel occasions.
P0149,Statement Earrings,accessories,streetwear,black,wedding,denim,7700,black streetwear Statement Earrings for wedding. Made from denim. Suitable for streetwear looks and wedding occasions.
P0150,Blouse,tops,trendy,brown,office,cotton,8700,brown trendy Blouse for office. Made from cotton. Suitable for trendy looks and office occasions.
P0151,Sneakers,shoes,formal,beige,date,satin,800,beige formal Sneakers for date. Made from satin. Suitable for formal looks and date occasions.
P0152,Flats,shoes,elegant,blue,office,silk,2200,blue elegant Flats for office. Made from silk. Suitable for elegant looks and office occasions.
P0153,Tote Bag,accessories,trendy,pink,date,silk,6800,pink trendy Tote Bag for date. Made from silk. Suitable for trendy looks and date occasions.
P0154,Straight Jeans,bottoms,trendy,navy,party,silk,3100,navy trendy Straight Jeans for party. Made from silk. Suitable for trendy looks and party occasions.
P0155,Sandals,shoes,formal,beige,office,denim,6000,beige formal Sandals for office. Made from denim. Suitable for formal looks and office occasions.
P0156,Lehenga,ethnic,minimal,black,date,polyester,4500,black minimal Lehenga for date. Made from polyester. Suitable for minimal looks and date occasions.
P0157,Sandals,shoes,formal,brown,party,silk,7500,brown formal Sandals for party. Made from silk. Suitable for formal looks and party occasions.
P0158,Palazzo Pants,bottoms,minimal,navy,festive,silk,4800,navy minimal Palazzo Pants for festive. Made from silk. Suitable for minimal looks and festive occasions.
P0159,Crop Top,tops,traditional,red,wedding,knit,5900,red traditional Crop Top for wedding. Made from knit. Suitable for traditional looks and wedding occasions.
P0160,Wrap Dress,dresses,formal,brown,festive,silk,9100,brown formal Wrap Dress for festive. Made from silk. Suitable for formal looks and festive occasions.
P0161,Tote Bag,accessories,trendy,black,party,satin,8200,black trendy Tote Bag for party. Made from satin. Suitable for trendy looks and party occasions.
P0162,Anarkali,ethnic,streetwear,brown,office,satin,6500,brown streetwear Anarkali for office. Made from satin. Suitable for streetwear looks and office occasions.
P0163,Maxi Dress,dresses,trendy,beige,office,silk,4000,beige trendy Maxi Dress for office. Made from silk. Suitable for trendy looks and office occasions.
P0164,Lehenga,ethnic,formal,red,office,knit,4900,red formal Lehenga for office. Made from knit. Suitable for formal looks and office occasions.
P0165,Watch,accessories,trendy,green,everyday,knit,7600,green trendy Watch for everyday. Made from knit. Suitable for trendy looks and everyday occasions.
P0166,Shirt Dress,dresses,elegant,blue,date,linen,1800,blue elegant Shirt Dress for date. Made from linen. Suitable for elegant looks and date occasions.
P0167,Wide Leg Trousers,bottoms,streetwear,white,everyday,linen,9500,white streetwear Wide Leg Trousers for everyday. Made from linen. Suitable for streetwear looks and everyday occasions.
P0168,Anarkali,ethnic,elegant,green,college,denim,5200,green elegant Anarkali for college. Made from denim. Suitable for elegant looks and college occasions.
P0169,Sharara Set,ethnic,casual,blue,festive,satin,9400,blue casual Sharara Set for festive. Made from satin. Suitable for casual looks and festive occasions.
P0170,Crop Top,tops,casual,white,festive,satin,9400,white casual Crop Top for festive. Made from satin. Suitable for casual looks and festive occasions.
P0171,Knit Top,tops,traditional,beige,wedding,silk,8800,beige traditional Knit Top for wedding. Made from silk. Suitable for traditional looks and wedding occasions.
P0172,Sharara Set,ethnic,minimal,black,everyday,denim,9300,black minimal Sharara Set for everyday. Made from denim. Suitable for minimal looks and everyday occasions.
P0173,Sneakers,shoes,elegant,brown,travel,satin,4500,brown elegant Sneakers for travel. Made from satin. Suitable for elegant looks and travel occasions.
P0174,Statement Earrings,accessories,formal,pink,everyday,knit,4500,pink formal Statement Earrings for everyday. Made from knit. Suitable for formal looks and everyday occasions.
P0175,Knit Top,tops,streetwear,brown,office,linen,5500,brown streetwear Knit Top for office. Made from linen. Suitable for streetwear looks and office occasions.
P0176,Loafers,shoes,traditional,pink,date,cotton,9100,pink traditional Loafers for date. Made from cotton. Suitable for traditional looks and date occasions.
P0177,Palazzo Pants,bottoms,elegant,lavender,college,satin,7000,lavender elegant Palazzo Pants for college. Made from satin. Suitable for elegant looks and college occasions.
P0178,Kurta Set,ethnic,traditional,green,wedding,polyester,3100,green traditional Kurta Set for wedding. Made from polyester. Suitable for traditional looks and wedding occasions.
P0179,Loafers,shoes,formal,beige,office,polyester,8900,beige formal Loafers for office. Made from polyester. Suitable for formal looks and office occasions.
P0180,Wrap Dress,dresses,streetwear,brown,college,satin,5300,brown streetwear Wrap Dress for college. Made from satin. Suitable for streetwear looks and college occasions.
P0181,Tote Bag,accessories,elegant,pink,travel,polyester,6000,pink elegant Tote Bag for travel. Made from polyester. Suitable for elegant looks and travel occasions.
P0182,Crop Top,tops,casual,navy,travel,satin,7100,navy casual Crop Top for travel. Made from satin. Suitable for casual looks and travel occasions.
P0183,Kurta Set,ethnic,minimal,brown,date,polyester,5000,brown minimal Kurta Set for date. Made from polyester. Suitable for minimal looks and date occasions.
P0184,Bodycon Dress,dresses,elegant,beige,wedding,knit,9300,beige elegant Bodycon Dress for wedding. Made from knit. Suitable for elegant looks and wedding occasions.
P0185,Statement Earrings,accessories,streetwear,navy,travel,cotton,5700,navy streetwear Statement Earrings for travel. Made from cotton. Suitable for streetwear looks and travel occasions.
P0186,Wrap Dress,dresses,traditional,white,everyday,denim,9300,white traditional Wrap Dress for everyday. Made from denim. Suitable for traditional looks and everyday occasions.
P0187,Clutch,accessories,traditional,red,travel,cotton,9300,red traditional Clutch for travel. Made from cotton. Suitable for traditional looks and travel occasions.
P0188,Knit Top,tops,elegant,lavender,travel,satin,3500,lavender elegant Knit Top for travel. Made from satin. Suitable for elegant looks and travel occasions.
P0189,Shoulder Bag,accessories,formal,brown,date,polyester,5900,brown formal Shoulder Bag for date. Made from polyester. Suitable for formal looks and date occasions.
P0190,Maxi Dress,dresses,elegant,black,date,silk,2100,black elegant Maxi Dress for date. Made from silk. Suitable for elegant looks and date occasions.
P0191,Maxi Dress,dresses,traditional,beige,festive,silk,5400,beige traditional Maxi Dress for festive. Made from silk. Suitable for traditional looks and festive occasions.
P0192,Watch,accessories,trendy,lavender,party,silk,9000,lavender trendy Watch for party. Made from silk. Suitable for trendy looks and party occasions.
P0193,Bodycon Dress,dresses,traditional,red,date,cotton,9500,red traditional Bodycon Dress for date. Made from cotton. Suitable for traditional looks and date occasions.
P0194,Kurta Set,ethnic,trendy,brown,wedding,knit,5300,brown trendy Kurta Set for wedding. Made from knit. Suitable for trendy looks and wedding occasions.
P0195,Wrap Dress,dresses,traditional,green,college,silk,4200,green traditional Wrap Dress for college. Made from silk. Suitable for traditional looks and college occasions.
P0196,Satin Top,tops,streetwear,brown,office,polyester,3400,brown streetwear Satin Top for office. Made from polyester. Suitable for streetwear looks and office occasions.
P0197,Watch,accessories,elegant,black,travel,linen,2300,black elegant Watch for travel. Made from linen. Suitable for elegant looks and travel occasions.
P0198,Sneakers,shoes,elegant,navy,wedding,satin,3400,navy elegant Sneakers for wedding. Made from satin. Suitable for elegant looks and wedding occasions.
P0199,Blouse,tops,streetwear,beige,college,denim,2500,beige streetwear Blouse for college. Made from denim. Suitable for streetwear looks and college occasions.
P0200,Oversized Shirt,tops,minimal,beige,office,polyester,1000,beige minimal Oversized Shirt for office. Made from polyester. Suitable for minimal looks and office occasions.
P0201,Satin Top,tops,minimal,blue,travel,cotton,2900,blue minimal Satin Top for travel. Made from cotton. Suitable for minimal looks and travel occasions.
P0202,Anarkali,ethnic,casual,red,office,polyester,1500,red casual Anarkali for office. Made from polyester. Suitable for casual looks and office occasions.
P0203,Pleated Skirt,bottoms,streetwear,green,office,silk,7100,green streetwear Pleated Skirt for office. Made from silk. Suitable for streetwear looks and office occasions.
P0204,Oversized Shirt,tops,elegant,navy,date,silk,8900,navy elegant Oversized Shirt for date. Made from silk. Suitable for elegant looks and date occasions.
P0205,Midi Dress,dresses,trendy,red,festive,polyester,2000,red trendy Midi Dress for festive. Made from polyester. Suitable for trendy looks and festive occasions.
P0206,Pleated Skirt,bottoms,elegant,white,travel,satin,2500,white elegant Pleated Skirt for travel. Made from satin. Suitable for elegant looks and travel occasions.
P0207,Maxi Dress,dresses,minimal,lavender,travel,silk,8300,lavender minimal Maxi Dress for travel. Made from silk. Suitable for minimal looks and travel occasions.
P0208,Loafers,shoes,trendy,navy,festive,cotton,9600,navy trendy Loafers for festive. Made from cotton. Suitable for trendy looks and festive occasions.
P0209,Shirt Dress,dresses,formal,blue,festive,silk,3600,blue formal Shirt Dress for festive. Made from silk. Suitable for formal looks and festive occasions.
P0210,Palazzo Pants,bottoms,streetwear,brown,festive,silk,1900,brown streetwear Palazzo Pants for festive. Made from silk. Suitable for streetwear looks and festive occasions.
P0211,Sharara Set,ethnic,minimal,pink,travel,linen,9400,pink minimal Sharara Set for travel. Made from linen. Suitable for minimal looks and travel occasions.
P0212,Wide Leg Trousers,bottoms,elegant,white,office,silk,1900,white elegant Wide Leg Trousers for office. Made from silk. Suitable for elegant looks and office occasions.
P0213,Clutch,accessories,streetwear,beige,college,satin,7800,beige streetwear Clutch for college. Made from satin. Suitable for streetwear looks and college occasions.
P0214,Loafers,shoes,formal,white,festive,denim,9200,white formal Loafers for festive. Made from denim. Suitable for formal looks and festive occasions.
P0215,Wide Leg Trousers,bottoms,minimal,lavender,date,denim,2000,lavender minimal Wide Leg Trousers for date. Made from denim. Suitable for minimal looks and date occasions.
P0216,Sandals,shoes,casual,beige,everyday,linen,2000,beige casual Sandals for everyday. Made from linen. Suitable for casual looks and everyday occasions.
P0217,Lehenga,ethnic,minimal,white,date,satin,3500,white minimal Lehenga for date. Made from satin. Suitable for minimal looks and date occasions.
P0218,Wide Leg Trousers,bottoms,traditional,pink,college,linen,4100,pink traditional Wide Leg Trousers for college. Made from linen. Suitable for traditional looks and college occasions.
P0219,Clutch,accessories,minimal,green,college,linen,2500,green minimal Clutch for college. Made from linen. Suitable for minimal looks and college occasions.
P0220,Flats,shoes,elegant,beige,college,cotton,7400,beige elegant Flats for college. Made from cotton. Suitable for elegant looks and college occasions.
P0221,Knit Top,tops,trendy,brown,travel,linen,5400,brown trendy Knit Top for travel. Made from linen. Suitable for trendy looks and travel occasions.
P0222,Saree,ethnic,streetwear,lavender,office,cotton,2600,lavender streetwear Saree for office. Made from cotton. Suitable for streetwear looks and office occasions.
P0223,Oversized Shirt,tops,elegant,white,date,silk,9100,white elegant Oversized Shirt for date. Made from silk. Suitable for elegant looks and date occasions.
P0224,Pleated Skirt,bottoms,traditional,brown,festive,denim,3400,brown traditional Pleated Skirt for festive. Made from denim. Suitable for traditional looks and festive occasions.
P0225,Block Heels,shoes,minimal,red,office,denim,9300,red minimal Block Heels for office. Made from denim. Suitable for minimal looks and office occasions.
P0226,Watch,accessories,trendy,navy,date,cotton,3500,navy trendy Watch for date. Made from cotton. Suitable for trendy looks and date occasions.
P0227,Wide Leg Trousers,bottoms,elegant,blue,date,linen,2400,blue elegant Wide Leg Trousers for date. Made from linen. Suitable for elegant looks and date occasions.
P0228,Saree,ethnic,minimal,white,college,silk,6200,white minimal Saree for college. Made from silk. Suitable for minimal looks and college occasions.
P0229,Crop Top,tops,trendy,navy,wedding,satin,7800,navy trendy Crop Top for wedding. Made from satin. Suitable for trendy looks and wedding occasions.
P0230,Clutch,accessories,elegant,red,college,silk,900,red elegant Clutch for college. Made from silk. Suitable for elegant looks and college occasions.
P0231,Wide Leg Trousers,bottoms,streetwear,green,festive,satin,5800,green streetwear Wide Leg Trousers for festive. Made from satin. Suitable for streetwear looks and festive occasions.
P0232,Statement Earrings,accessories,minimal,white,festive,cotton,4800,white minimal Statement Earrings for festive. Made from cotton. Suitable for minimal looks and festive occasions.
P0233,Oversized Shirt,tops,trendy,green,office,silk,2000,green trendy Oversized Shirt for office. Made from silk. Suitable for trendy looks and office occasions.
P0234,Knit Top,tops,traditional,red,office,silk,4600,red traditional Knit Top for office. Made from silk. Suitable for traditional looks and office occasions.
P0235,Clutch,accessories,casual,green,party,cotton,7200,green casual Clutch for party. Made from cotton. Suitable for casual looks and party occasions.
P0236,Shoulder Bag,accessories,traditional,navy,wedding,knit,5100,navy traditional Shoulder Bag for wedding. Made from knit. Suitable for traditional looks and wedding occasions.
P0237,Kurta Set,ethnic,casual,white,party,denim,3200,white casual Kurta Set for party. Made from denim. Suitable for casual looks and party occasions.
P0238,Oversized Shirt,tops,casual,white,party,knit,8700,white casual Oversized Shirt for party. Made from knit. Suitable for casual looks and party occasions.
P0239,Pleated Skirt,bottoms,streetwear,lavender,everyday,polyester,7900,lavender streetwear Pleated Skirt for everyday. Made from polyester. Suitable for streetwear looks and everyday occasions.
P0240,Watch,accessories,minimal,green,party,silk,1500,green minimal Watch for party. Made from silk. Suitable for minimal looks and party occasions.
P0241,Pleated Skirt,bottoms,formal,pink,date,satin,1400,pink formal Pleated Skirt for date. Made from satin. Suitable for formal looks and date occasions.
P0242,Lehenga,ethnic,elegant,pink,everyday,silk,1100,pink elegant Lehenga for everyday. Made from silk. Suitable for elegant looks and everyday occasions.
P0243,Wrap Dress,dresses,streetwear,pink,office,polyester,1800,pink streetwear Wrap Dress for office. Made from polyester. Suitable for streetwear looks and office occasions.
P0244,Sandals,shoes,traditional,red,everyday,satin,7700,red traditional Sandals for everyday. Made from satin. Suitable for traditional looks and everyday occasions.
P0245,Shoulder Bag,accessories,trendy,lavender,wedding,denim,8400,lavender trendy Shoulder Bag for wedding. Made from denim. Suitable for trendy looks and wedding occasions.
P0246,Straight Jeans,bottoms,elegant,brown,office,knit,5000,brown elegant Straight Jeans for office. Made from knit. Suitable for elegant looks and office occasions.
P0247,Shoulder Bag,accessories,traditional,beige,college,linen,9700,beige traditional Shoulder Bag for college. Made from linen. Suitable for traditional looks and college occasions.
P0248,Pleated Skirt,bottoms,traditional,navy,party,denim,5400,navy traditional Pleated Skirt for party. Made from denim. Suitable for traditional looks and party occasions.
P0249,Sharara Set,ethnic,trendy,green,college,knit,8700,green trendy Sharara Set for college. Made from knit. Suitable for trendy looks and college occasions.
P0250,Clutch,accessories,elegant,green,office,satin,9300,green elegant Clutch for office. Made from satin. Suitable for elegant looks and office occasions.
P0251,Palazzo Pants,bottoms,minimal,lavender,party,denim,1700,lavender minimal Palazzo Pants for party. Made from denim. Suitable for minimal looks and party occasions.
P0252,Sneakers,shoes,minimal,pink,festive,linen,8300,pink minimal Sneakers for festive. Made from linen. Suitable for minimal looks and festive occasions.
P0253,Shoulder Bag,accessories,minimal,navy,festive,polyester,4900,navy minimal Shoulder Bag for festive. Made from polyester. Suitable for minimal looks and festive occasions.
P0254,Oversized Shirt,tops,elegant,red,travel,cotton,5300,red elegant Oversized Shirt for travel. Made from cotton. Suitable for elegant looks and travel occasions.
P0255,Kurta Set,ethnic,casual,green,everyday,linen,3500,green casual Kurta Set for everyday. Made from linen. Suitable for casual looks and everyday occasions.
P0256,Crop Top,tops,elegant,pink,office,satin,7600,pink elegant Crop Top for office. Made from satin. Suitable for elegant looks and office occasions.
P0257,Watch,accessories,elegant,green,party,satin,5500,green elegant Watch for party. Made from satin. Suitable for elegant looks and party occasions.
P0258,Crop Top,tops,casual,lavender,party,polyester,6300,lavender casual Crop Top for party. Made from polyester. Suitable for casual looks and party occasions.
P0259,Bodycon Dress,dresses,minimal,blue,everyday,satin,4300,blue minimal Bodycon Dress for everyday. Made from satin. Suitable for minimal looks and everyday occasions.
P0260,Statement Earrings,accessories,casual,navy,wedding,denim,6700,navy casual Statement Earrings for wedding. Made from denim. Suitable for casual looks and wedding occasions.
P0261,Blouse,tops,formal,lavender,everyday,silk,4300,lavender formal Blouse for everyday. Made from silk. Suitable for formal looks and everyday occasions.
P0262,Pleated Skirt,bottoms,casual,blue,party,knit,3900,blue casual Pleated Skirt for party. Made from knit. Suitable for casual looks and party occasions.
P0263,Bodycon Dress,dresses,streetwear,green,office,polyester,7300,green streetwear Bodycon Dress for office. Made from polyester. Suitable for streetwear looks and office occasions.
P0264,Wrap Dress,dresses,elegant,beige,date,silk,7200,beige elegant Wrap Dress for date. Made from silk. Suitable for elegant looks and date occasions.
P0265,Knit Top,tops,elegant,blue,everyday,denim,1000,blue elegant Knit Top for everyday. Made from denim. Suitable for elegant looks and everyday occasions.
P0266,Wide Leg Trousers,bottoms,trendy,navy,travel,linen,5600,navy trendy Wide Leg Trousers for travel. Made from linen. Suitable for trendy looks and travel occasions.
P0267,Wrap Dress,dresses,casual,black,travel,cotton,9800,black casual Wrap Dress for travel. Made from cotton. Suitable for casual looks and travel occasions.
P0268,Clutch,accessories,streetwear,beige,party,cotton,4300,beige streetwear Clutch for party. Made from cotton. Suitable for streetwear looks and party occasions.
P0269,Straight Jeans,bottoms,streetwear,brown,everyday,satin,700,brown streetwear Straight Jeans for everyday. Made from satin. Suitable for streetwear looks and everyday occasions.
P0270,Midi Dress,dresses,minimal,blue,party,satin,8400,blue minimal Midi Dress for party. Made from satin. Suitable for minimal looks and party occasions.
P0271,Flats,shoes,elegant,pink,wedding,denim,2200,pink elegant Flats for wedding. Made from denim. Suitable for elegant looks and wedding occasions.
P0272,Maxi Dress,dresses,trendy,lavender,everyday,cotton,2100,lavender trendy Maxi Dress for everyday. Made from cotton. Suitable for trendy looks and everyday occasions.
P0273,Wide Leg Trousers,bottoms,formal,navy,wedding,polyester,2500,navy formal Wide Leg Trousers for wedding. Made from polyester. Suitable for formal looks and wedding occasions.
P0274,Sharara Set,ethnic,elegant,lavender,travel,linen,8000,lavender elegant Sharara Set for travel. Made from linen. Suitable for elegant looks and travel occasions.
P0275,Straight Jeans,bottoms,formal,white,travel,cotton,7400,white formal Straight Jeans for travel. Made from cotton. Suitable for formal looks and travel occasions.
P0276,Sandals,shoes,streetwear,navy,college,silk,6700,navy streetwear Sandals for college. Made from silk. Suitable for streetwear looks and college occasions.
P0277,Bodycon Dress,dresses,minimal,pink,college,denim,1500,pink minimal Bodycon Dress for college. Made from denim. Suitable for minimal looks and college occasions.
P0278,Kurta Set,ethnic,formal,white,travel,linen,1200,white formal Kurta Set for travel. Made from linen. Suitable for formal looks and travel occasions.
P0279,Lehenga,ethnic,minimal,beige,everyday,polyester,6800,beige minimal Lehenga for everyday. Made from polyester. Suitable for minimal looks and everyday occasions.
P0280,Tote Bag,accessories,streetwear,beige,office,polyester,6500,beige streetwear Tote Bag for office. Made from polyester. Suitable for streetwear looks and office occasions.
P0281,Wrap Dress,dresses,casual,black,wedding,cotton,4700,black casual Wrap Dress for wedding. Made from cotton. Suitable for casual looks and wedding occasions.
P0282,Lehenga,ethnic,trendy,navy,everyday,denim,1100,navy trendy Lehenga for everyday. Made from denim. Suitable for trendy looks and everyday occasions.
P0283,Tote Bag,accessories,minimal,green,college,knit,9000,green minimal Tote Bag for college. Made from knit. Suitable for minimal looks and college occasions.
P0284,Saree,ethnic,elegant,green,festive,silk,6300,green elegant Saree for festive. Made from silk. Suitable for elegant looks and festive occasions.
P0285,Palazzo Pants,bottoms,casual,brown,everyday,denim,7300,brown casual Palazzo Pants for everyday. Made from denim. Suitable for casual looks and everyday occasions.
P0286,Anarkali,ethnic,formal,red,office,silk,8400,red formal Anarkali for office. Made from silk. Suitable for formal looks and office occasions.
P0287,Oversized Shirt,tops,minimal,green,office,cotton,4800,green minimal Oversized Shirt for office. Made from cotton. Suitable for minimal looks and office occasions.
P0288,Clutch,accessories,minimal,brown,festive,linen,9500,brown minimal Clutch for festive. Made from linen. Suitable for minimal looks and festive occasions.
P0289,Palazzo Pants,bottoms,trendy,black,travel,satin,6200,black trendy Palazzo Pants for travel. Made from satin. Suitable for trendy looks and travel occasions.
P0290,Anarkali,ethnic,elegant,red,travel,satin,9300,red elegant Anarkali for travel. Made from satin. Suitable for elegant looks and travel occasions.
P0291,Satin Top,tops,casual,lavender,everyday,cotton,2300,lavender casual Satin Top for everyday. Made from cotton. Suitable for casual looks and everyday occasions.
P0292,Maxi Dress,dresses,streetwear,green,travel,silk,7900,green streetwear Maxi Dress for travel. Made from silk. Suitable for streetwear looks and travel occasions.
P0293,Shirt Dress,dresses,casual,brown,travel,denim,6300,brown casual Shirt Dress for travel. Made from denim. Suitable for casual looks and travel occasions.
P0294,Shirt Dress,dresses,casual,navy,travel,silk,4700,navy casual Shirt Dress for travel. Made from silk. Suitable for casual looks and travel occasions.
P0295,Clutch,accessories,casual,white,college,polyester,3000,white casual Clutch for college. Made from polyester. Suitable for casual looks and college occasions.
P0296,Pleated Skirt,bottoms,traditional,white,date,knit,4000,white traditional Pleated Skirt for date. Made from knit. Suitable for traditional looks and date occasions.
P0297,Statement Earrings,accessories,casual,lavender,date,polyester,6900,lavender casual Statement Earrings for date. Made from polyester. Suitable for casual looks and date occasions.
P0298,Satin Top,tops,casual,white,everyday,linen,9800,white casual Satin Top for everyday. Made from linen. Suitable for casual looks and everyday occasions.
P0299,Wide Leg Trousers,bottoms,streetwear,green,travel,polyester,1500,green streetwear Wide Leg Trousers for travel. Made from polyester. Suitable for streetwear looks and travel occasions.
P0300,Sandals,shoes,minimal,pink,party,polyester,9700,pink minimal Sandals for party. Made from polyester. Suitable for minimal looks and party occasions.
P0301,Tote Bag,accessories,streetwear,green,wedding,cotton,3200,green streetwear Tote Bag for wedding. Made from cotton. Suitable for streetwear looks and wedding occasions.
P0302,Crop Top,tops,streetwear,brown,college,denim,7700,brown streetwear Crop Top for college. Made from denim. Suitable for streetwear looks and college occasions.
P0303,Loafers,shoes,trendy,navy,party,satin,1800,navy trendy Loafers for party. Made from satin. Suitable for trendy looks and party occasions.
P0304,Wrap Dress,dresses,trendy,brown,festive,knit,5900,brown trendy Wrap Dress for festive. Made from knit. Suitable for trendy looks and festive occasions.
P0305,Block Heels,shoes,casual,green,office,silk,6600,green casual Block Heels for office. Made from silk. Suitable for casual looks and office occasions.
P0306,Watch,accessories,minimal,beige,party,knit,2300,beige minimal Watch for party. Made from knit. Suitable for minimal looks and party occasions.
P0307,Wide Leg Trousers,bottoms,streetwear,white,party,denim,2800,white streetwear Wide Leg Trousers for party. Made from denim. Suitable for streetwear looks and party occasions.
P0308,Blouse,tops,formal,blue,travel,satin,4300,blue formal Blouse for travel. Made from satin. Suitable for formal looks and travel occasions.
P0309,Wrap Dress,dresses,casual,navy,date,linen,8700,navy casual Wrap Dress for date. Made from linen. Suitable for casual looks and date occasions.
P0310,Lehenga,ethnic,traditional,white,party,satin,8100,white traditional Lehenga for party. Made from satin. Suitable for traditional looks and party occasions.
P0311,Crop Top,tops,formal,lavender,travel,knit,7900,lavender formal Crop Top for travel. Made from knit. Suitable for formal looks and travel occasions.
P0312,Midi Dress,dresses,elegant,black,date,polyester,3300,black elegant Midi Dress for date. Made from polyester. Suitable for elegant looks and date occasions.
P0313,Flats,shoes,traditional,black,everyday,polyester,7600,black traditional Flats for everyday. Made from polyester. Suitable for traditional looks and everyday occasions.
P0314,Saree,ethnic,trendy,blue,festive,denim,6500,blue trendy Saree for festive. Made from denim. Suitable for trendy looks and festive occasions.
P0315,Midi Dress,dresses,casual,brown,festive,silk,6600,brown casual Midi Dress for festive. Made from silk. Suitable for casual looks and festive occasions.
P0316,Blouse,tops,traditional,beige,travel,knit,9800,beige traditional Blouse for travel. Made from knit. Suitable for traditional looks and travel occasions.
P0317,Saree,ethnic,trendy,beige,travel,satin,7800,beige trendy Saree for travel. Made from satin. Suitable for trendy looks and travel occasions.
P0318,Wrap Dress,dresses,casual,brown,office,denim,6400,brown casual Wrap Dress for office. Made from denim. Suitable for casual looks and office occasions.
P0319,Crop Top,tops,elegant,black,date,silk,8500,black elegant Crop Top for date. Made from silk. Suitable for elegant looks and date occasions.
P0320,Straight Jeans,bottoms,streetwear,beige,travel,satin,9900,beige streetwear Straight Jeans for travel. Made from satin. Suitable for streetwear looks and travel occasions.
P0321,Kurta Set,ethnic,streetwear,beige,everyday,satin,6600,beige streetwear Kurta Set for everyday. Made from satin. Suitable for streetwear looks and everyday occasions.
P0322,Palazzo Pants,bottoms,trendy,black,office,silk,7100,black trendy Palazzo Pants for office. Made from silk. Suitable for trendy looks and office occasions.
P0323,Straight Jeans,bottoms,casual,lavender,travel,cotton,1300,lavender casual Straight Jeans for travel. Made from cotton. Suitable for casual looks and travel occasions.
P0324,Sharara Set,ethnic,traditional,brown,date,satin,800,brown traditional Sharara Set for date. Made from satin. Suitable for traditional looks and date occasions.
P0325,Bodycon Dress,dresses,casual,pink,travel,knit,5800,pink casual Bodycon Dress for travel. Made from knit. Suitable for casual looks and travel occasions.
P0326,Anarkali,ethnic,trendy,black,wedding,denim,7700,black trendy Anarkali for wedding. Made from denim. Suitable for trendy looks and wedding occasions.
P0327,Anarkali,ethnic,trendy,navy,everyday,knit,7700,navy trendy Anarkali for everyday. Made from knit. Suitable for trendy looks and everyday occasions.
P0328,Lehenga,ethnic,formal,lavender,office,linen,1900,lavender formal Lehenga for office. Made from linen. Suitable for formal looks and office occasions.
P0329,Palazzo Pants,bottoms,streetwear,green,travel,knit,2500,green streetwear Palazzo Pants for travel. Made from knit. Suitable for streetwear looks and travel occasions.
P0330,Oversized Shirt,tops,traditional,red,college,cotton,1100,red traditional Oversized Shirt for college. Made from cotton. Suitable for traditional looks and college occasions.
P0331,Blouse,tops,streetwear,brown,everyday,linen,8400,brown streetwear Blouse for everyday. Made from linen. Suitable for streetwear looks and everyday occasions.
P0332,Sneakers,shoes,minimal,lavender,travel,linen,5700,lavender minimal Sneakers for travel. Made from linen. Suitable for minimal looks and travel occasions.
P0333,Loafers,shoes,traditional,green,everyday,polyester,7900,green traditional Loafers for everyday. Made from polyester. Suitable for traditional looks and everyday occasions.
P0334,Sharara Set,ethnic,streetwear,black,travel,denim,9300,black streetwear Sharara Set for travel. Made from denim. Suitable for streetwear looks and travel occasions.
P0335,Bodycon Dress,dresses,traditional,pink,college,satin,6700,pink traditional Bodycon Dress for college. Made from satin. Suitable for traditional looks and college occasions.
P0336,Lehenga,ethnic,traditional,blue,college,satin,6800,blue traditional Lehenga for college. Made from satin. Suitable for traditional looks and college occasions.
P0337,Oversized Shirt,tops,formal,lavender,festive,linen,9400,lavender formal Oversized Shirt for festive. Made from linen. Suitable for formal looks and festive occasions.
P0338,Satin Top,tops,traditional,white,wedding,cotton,6300,white traditional Satin Top for wedding. Made from cotton. Suitable for traditional looks and wedding occasions.
P0339,Sharara Set,ethnic,casual,red,wedding,silk,7100,red casual Sharara Set for wedding. Made from silk. Suitable for casual looks and wedding occasions.
P0340,Flats,shoes,streetwear,black,party,satin,3300,black streetwear Flats for party. Made from satin. Suitable for streetwear looks and party occasions.
P0341,Loafers,shoes,formal,brown,festive,denim,2900,brown formal Loafers for festive. Made from denim. Suitable for formal looks and festive occasions.
P0342,Palazzo Pants,bottoms,traditional,green,date,satin,6800,green traditional Palazzo Pants for date. Made from satin. Suitable for traditional looks and date occasions.
P0343,Crop Top,tops,minimal,navy,date,linen,4500,navy minimal Crop Top for date. Made from linen. Suitable for minimal looks and date occasions.
P0344,Kurta Set,ethnic,formal,brown,travel,silk,5100,brown formal Kurta Set for travel. Made from silk. Suitable for formal looks and travel occasions.
P0345,Loafers,shoes,minimal,white,festive,silk,5100,white minimal Loafers for festive. Made from silk. Suitable for minimal looks and festive occasions.
P0346,Blouse,tops,elegant,pink,office,denim,6300,pink elegant Blouse for office. Made from denim. Suitable for elegant looks and office occasions.
P0347,Clutch,accessories,formal,brown,wedding,linen,7500,brown formal Clutch for wedding. Made from linen. Suitable for formal looks and wedding occasions.
P0348,Lehenga,ethnic,formal,pink,party,cotton,8500,pink formal Lehenga for party. Made from cotton. Suitable for formal looks and party occasions.
P0349,Watch,accessories,casual,blue,college,polyester,7400,blue casual Watch for college. Made from polyester. Suitable for casual looks and college occasions.
P0350,Crop Top,tops,elegant,white,festive,denim,9800,white elegant Crop Top for festive. Made from denim. Suitable for elegant looks and festive occasions.
P0351,Wide Leg Trousers,bottoms,formal,beige,college,satin,2700,beige formal Wide Leg Trousers for college. Made from satin. Suitable for formal looks and college occasions.
P0352,Pleated Skirt,bottoms,trendy,blue,date,denim,4300,blue trendy Pleated Skirt for date. Made from denim. Suitable for trendy looks and date occasions.
P0353,Shoulder Bag,accessories,streetwear,white,wedding,satin,9900,white streetwear Shoulder Bag for wedding. Made from satin. Suitable for streetwear looks and wedding occasions.
P0354,Maxi Dress,dresses,trendy,beige,college,knit,5700,beige trendy Maxi Dress for college. Made from knit. Suitable for trendy looks and college occasions.
P0355,Straight Jeans,bottoms,formal,pink,college,cotton,4500,pink formal Straight Jeans for college. Made from cotton. Suitable for formal looks and college occasions.
P0356,Sandals,shoes,elegant,green,date,silk,8900,green elegant Sandals for date. Made from silk. Suitable for elegant looks and date occasions.
P0357,Sandals,shoes,trendy,beige,everyday,denim,3100,beige trendy Sandals for everyday. Made from denim. Suitable for trendy looks and everyday occasions.
P0358,Wrap Dress,dresses,casual,brown,date,polyester,3000,brown casual Wrap Dress for date. Made from polyester. Suitable for casual looks and date occasions.
P0359,Wrap Dress,dresses,streetwear,pink,wedding,linen,8500,pink streetwear Wrap Dress for wedding. Made from linen. Suitable for streetwear looks and wedding occasions.
P0360,Statement Earrings,accessories,streetwear,red,travel,cotton,5800,red streetwear Statement Earrings for travel. Made from cotton. Suitable for streetwear looks and travel occasions.
P0361,Shoulder Bag,accessories,casual,beige,everyday,denim,3800,beige casual Shoulder Bag for everyday. Made from denim. Suitable for casual looks and everyday occasions.
P0362,Wrap Dress,dresses,trendy,blue,everyday,knit,4100,blue trendy Wrap Dress for everyday. Made from knit. Suitable for trendy looks and everyday occasions.
P0363,Saree,ethnic,traditional,lavender,college,denim,9000,lavender traditional Saree for college. Made from denim. Suitable for traditional looks and college occasions.
P0364,Kurta Set,ethnic,elegant,white,everyday,denim,2700,white elegant Kurta Set for everyday. Made from denim. Suitable for elegant looks and everyday occasions.
P0365,Palazzo Pants,bottoms,formal,white,date,denim,8500,white formal Palazzo Pants for date. Made from denim. Suitable for formal looks and date occasions.
P0366,Crop Top,tops,casual,brown,party,silk,8400,brown casual Crop Top for party. Made from silk. Suitable for casual looks and party occasions.
P0367,Sharara Set,ethnic,formal,navy,everyday,knit,7500,navy formal Sharara Set for everyday. Made from knit. Suitable for formal looks and everyday occasions.
P0368,Tote Bag,accessories,streetwear,blue,office,satin,6400,blue streetwear Tote Bag for office. Made from satin. Suitable for streetwear looks and office occasions.
P0369,Loafers,shoes,elegant,lavender,office,cotton,7700,lavender elegant Loafers for office. Made from cotton. Suitable for elegant looks and office occasions.
P0370,Sneakers,shoes,traditional,navy,party,linen,4800,navy traditional Sneakers for party. Made from linen. Suitable for traditional looks and party occasions.
P0371,Flats,shoes,elegant,blue,everyday,cotton,7200,blue elegant Flats for everyday. Made from cotton. Suitable for elegant looks and everyday occasions.
P0372,Wide Leg Trousers,bottoms,trendy,beige,festive,silk,7900,beige trendy Wide Leg Trousers for festive. Made from silk. Suitable for trendy looks and festive occasions.
P0373,Shirt Dress,dresses,trendy,pink,college,silk,3900,pink trendy Shirt Dress for college. Made from silk. Suitable for trendy looks and college occasions.
P0374,Maxi Dress,dresses,traditional,white,college,silk,5100,white traditional Maxi Dress for college. Made from silk. Suitable for traditional looks and college occasions.
P0375,Shoulder Bag,accessories,traditional,black,office,silk,1100,black traditional Shoulder Bag for office. Made from silk. Suitable for traditional looks and office occasions.
P0376,Sharara Set,ethnic,casual,beige,festive,denim,5500,beige casual Sharara Set for festive. Made from denim. Suitable for casual looks and festive occasions.
P0377,Pleated Skirt,bottoms,trendy,white,party,polyester,5100,white trendy Pleated Skirt for party. Made from polyester. Suitable for trendy looks and party occasions.
P0378,Maxi Dress,dresses,traditional,red,party,polyester,3500,red traditional Maxi Dress for party. Made from polyester. Suitable for traditional looks and party occasions.
P0379,Midi Dress,dresses,minimal,brown,festive,satin,5500,brown minimal Midi Dress for festive. Made from satin. Suitable for minimal looks and festive occasions.
P0380,Crop Top,tops,trendy,green,party,denim,3100,green trendy Crop Top for party. Made from denim. Suitable for trendy looks and party occasions.
P0381,Shoulder Bag,accessories,elegant,red,college,linen,3300,red elegant Shoulder Bag for college. Made from linen. Suitable for elegant looks and college occasions.
P0382,Midi Dress,dresses,traditional,black,everyday,satin,9300,black traditional Midi Dress for everyday. Made from satin. Suitable for traditional looks and everyday occasions.
P0383,Shoulder Bag,accessories,casual,black,festive,silk,3600,black casual Shoulder Bag for festive. Made from silk. Suitable for casual looks and festive occasions.
P0384,Sneakers,shoes,streetwear,black,party,satin,4400,black streetwear Sneakers for party. Made from satin. Suitable for streetwear looks and party occasions.
P0385,Oversized Shirt,tops,minimal,lavender,travel,linen,4500,lavender minimal Oversized Shirt for travel. Made from linen. Suitable for minimal looks and travel occasions.
P0386,Oversized Shirt,tops,casual,red,date,denim,1400,red casual Oversized Shirt for date. Made from denim. Suitable for casual looks and date occasions.
P0387,Sandals,shoes,formal,beige,festive,satin,7000,beige formal Sandals for festive. Made from satin. Suitable for formal looks and festive occasions.
P0388,Wrap Dress,dresses,formal,red,travel,polyester,6000,red formal Wrap Dress for travel. Made from polyester. Suitable for formal looks and travel occasions.
P0389,Straight Jeans,bottoms,minimal,red,party,knit,7500,red minimal Straight Jeans for party. Made from knit. Suitable for minimal looks and party occasions.
P0390,Straight Jeans,bottoms,streetwear,blue,date,knit,9700,blue streetwear Straight Jeans for date. Made from knit. Suitable for streetwear looks and date occasions.
P0391,Knit Top,tops,elegant,navy,festive,silk,7800,navy elegant Knit Top for festive. Made from silk. Suitable for elegant looks and festive occasions.
P0392,Sneakers,shoes,trendy,blue,date,linen,4900,blue trendy Sneakers for date. Made from linen. Suitable for trendy looks and date occasions.
P0393,Shoulder Bag,accessories,trendy,green,office,satin,9900,green trendy Shoulder Bag for office. Made from satin. Suitable for trendy looks and office occasions.
P0394,Satin Top,tops,minimal,red,college,knit,1600,red minimal Satin Top for college. Made from knit. Suitable for minimal looks and college occasions.
P0395,Oversized Shirt,tops,formal,navy,wedding,silk,3300,navy formal Oversized Shirt for wedding. Made from silk. Suitable for formal looks and wedding occasions.
P0396,Saree,ethnic,elegant,blue,wedding,polyester,2200,blue elegant Saree for wedding. Made from polyester. Suitable for elegant looks and wedding occasions.
P0397,Statement Earrings,accessories,casual,lavender,wedding,silk,3700,lavender casual Statement Earrings for wedding. Made from silk. Suitable for casual looks and wedding occasions.
P0398,Loafers,shoes,streetwear,pink,festive,silk,7500,pink streetwear Loafers for festive. Made from silk. Suitable for streetwear looks and festive occasions.
P0399,Clutch,accessories,minimal,pink,travel,satin,7000,pink minimal Clutch for travel. Made from satin. Suitable for minimal looks and travel occasions.
P0400,Wide Leg Trousers,bottoms,streetwear,brown,travel,linen,5400,brown streetwear Wide Leg Trousers for travel. Made from linen. Suitable for streetwear looks and travel occasions.
P0401,Sharara Set,ethnic,elegant,lavender,wedding,polyester,2500,lavender elegant Sharara Set for wedding. Made from polyester. Suitable for elegant looks and wedding occasions.
P0402,Wrap Dress,dresses,traditional,lavender,festive,denim,2600,lavender traditional Wrap Dress for festive. Made from denim. Suitable for traditional looks and festive occasions.
P0403,Blouse,tops,casual,red,wedding,silk,7700,red casual Blouse for wedding. Made from silk. Suitable for casual looks and wedding occasions.
P0404,Clutch,accessories,minimal,brown,everyday,silk,2800,brown minimal Clutch for everyday. Made from silk. Suitable for minimal looks and everyday occasions.
P0405,Clutch,accessories,casual,beige,everyday,linen,7600,beige casual Clutch for everyday. Made from linen. Suitable for casual looks and everyday occasions.
P0406,Shoulder Bag,accessories,traditional,black,office,knit,9200,black traditional Shoulder Bag for office. Made from knit. Suitable for traditional looks and office occasions.
P0407,Midi Dress,dresses,trendy,beige,wedding,cotton,9700,beige trendy Midi Dress for wedding. Made from cotton. Suitable for trendy looks and wedding occasions.
P0408,Satin Top,tops,casual,navy,everyday,denim,1400,navy casual Satin Top for everyday. Made from denim. Suitable for casual looks and everyday occasions.
P0409,Sandals,shoes,trendy,brown,college,cotton,7500,brown trendy Sandals for college. Made from cotton. Suitable for trendy looks and college occasions.
P0410,Flats,shoes,elegant,black,date,satin,4300,black elegant Flats for date. Made from satin. Suitable for elegant looks and date occasions.
P0411,Shirt Dress,dresses,streetwear,red,party,cotton,1900,red streetwear Shirt Dress for party. Made from cotton. Suitable for streetwear looks and party occasions.
P0412,Sneakers,shoes,casual,blue,date,knit,5200,blue casual Sneakers for date. Made from knit. Suitable for casual looks and date occasions.
P0413,Sharara Set,ethnic,elegant,green,festive,silk,7900,green elegant Sharara Set for festive. Made from silk. Suitable for elegant looks and festive occasions.
P0414,Crop Top,tops,minimal,white,college,cotton,5800,white minimal Crop Top for college. Made from cotton. Suitable for minimal looks and college occasions.
P0415,Pleated Skirt,bottoms,traditional,brown,college,polyester,800,brown traditional Pleated Skirt for college. Made from polyester. Suitable for traditional looks and college occasions.
P0416,Tote Bag,accessories,elegant,brown,festive,polyester,4900,brown elegant Tote Bag for festive. Made from polyester. Suitable for elegant looks and festive occasions.
P0417,Block Heels,shoes,traditional,black,wedding,linen,9500,black traditional Block Heels for wedding. Made from linen. Suitable for traditional looks and wedding occasions.
P0418,Flats,shoes,minimal,black,office,polyester,4200,black minimal Flats for office. Made from polyester. Suitable for minimal looks and office occasions.
P0419,Sandals,shoes,formal,black,party,knit,4700,black formal Sandals for party. Made from knit. Suitable for formal looks and party occasions.
P0420,Maxi Dress,dresses,traditional,beige,festive,cotton,4500,beige traditional Maxi Dress for festive. Made from cotton. Suitable for traditional looks and festive occasions.
P0421,Oversized Shirt,tops,casual,lavender,festive,polyester,7600,lavender casual Oversized Shirt for festive. Made from polyester. Suitable for casual looks and festive occasions.
P0422,Sharara Set,ethnic,streetwear,beige,office,satin,5100,beige streetwear Sharara Set for office. Made from satin. Suitable for streetwear looks and office occasions.
P0423,Midi Dress,dresses,trendy,blue,office,denim,8400,blue trendy Midi Dress for office. Made from denim. Suitable for trendy looks and office occasions.
P0424,Sandals,shoes,trendy,green,college,polyester,4100,green trendy Sandals for college. Made from polyester. Suitable for trendy looks and college occasions.
P0425,Pleated Skirt,bottoms,casual,green,festive,silk,3000,green casual Pleated Skirt for festive. Made from silk. Suitable for casual looks and festive occasions.
P0426,Watch,accessories,formal,red,office,knit,8600,red formal Watch for office. Made from knit. Suitable for formal looks and office occasions.
P0427,Kurta Set,ethnic,formal,white,office,denim,2600,white formal Kurta Set for office. Made from denim. Suitable for formal looks and office occasions.
P0428,Straight Jeans,bottoms,formal,red,travel,denim,2000,red formal Straight Jeans for travel. Made from denim. Suitable for formal looks and travel occasions.
P0429,Midi Dress,dresses,minimal,brown,travel,knit,4100,brown minimal Midi Dress for travel. Made from knit. Suitable for minimal looks and travel occasions.
P0430,Maxi Dress,dresses,elegant,beige,festive,silk,7800,beige elegant Maxi Dress for festive. Made from silk. Suitable for elegant looks and festive occasions.
P0431,Sandals,shoes,trendy,white,college,cotton,5200,white trendy Sandals for college. Made from cotton. Suitable for trendy looks and college occasions.
P0432,Block Heels,shoes,traditional,lavender,travel,knit,5600,lavender traditional Block Heels for travel. Made from knit. Suitable for traditional looks and travel occasions.
P0433,Wrap Dress,dresses,trendy,red,office,polyester,7800,red trendy Wrap Dress for office. Made from polyester. Suitable for trendy looks and office occasions.
P0434,Oversized Shirt,tops,traditional,beige,festive,linen,2400,beige traditional Oversized Shirt for festive. Made from linen. Suitable for traditional looks and festive occasions.
P0435,Saree,ethnic,minimal,brown,party,cotton,2800,brown minimal Saree for party. Made from cotton. Suitable for minimal looks and party occasions.
P0436,Palazzo Pants,bottoms,trendy,pink,everyday,knit,1600,pink trendy Palazzo Pants for everyday. Made from knit. Suitable for trendy looks and everyday occasions.
P0437,Saree,ethnic,casual,brown,wedding,silk,2000,brown casual Saree for wedding. Made from silk. Suitable for casual looks and wedding occasions.
P0438,Blouse,tops,elegant,red,travel,knit,8600,red elegant Blouse for travel. Made from knit. Suitable for elegant looks and travel occasions.
P0439,Palazzo Pants,bottoms,trendy,green,festive,knit,9000,green trendy Palazzo Pants for festive. Made from knit. Suitable for trendy looks and festive occasions.
P0440,Sneakers,shoes,minimal,green,wedding,silk,4700,green minimal Sneakers for wedding. Made from silk. Suitable for minimal looks and wedding occasions.
P0441,Knit Top,tops,minimal,pink,everyday,satin,3800,pink minimal Knit Top for everyday. Made from satin. Suitable for minimal looks and everyday occasions.
P0442,Sharara Set,ethnic,minimal,red,travel,cotton,7900,red minimal Sharara Set for travel. Made from cotton. Suitable for minimal looks and travel occasions.
P0443,Oversized Shirt,tops,traditional,beige,college,polyester,6600,beige traditional Oversized Shirt for college. Made from polyester. Suitable for traditional looks and college occasions.
P0444,Tote Bag,accessories,trendy,pink,office,knit,5900,pink trendy Tote Bag for office. Made from knit. Suitable for trendy looks and office occasions.
P0445,Statement Earrings,accessories,casual,pink,wedding,denim,9100,pink casual Statement Earrings for wedding. Made from denim. Suitable for casual looks and wedding occasions.
P0446,Knit Top,tops,streetwear,red,office,silk,8300,red streetwear Knit Top for office. Made from silk. Suitable for streetwear looks and office occasions.
P0447,Pleated Skirt,bottoms,traditional,navy,festive,satin,1100,navy traditional Pleated Skirt for festive. Made from satin. Suitable for traditional looks and festive occasions.
P0448,Lehenga,ethnic,traditional,white,office,knit,3800,white traditional Lehenga for office. Made from knit. Suitable for traditional looks and office occasions.
P0449,Clutch,accessories,casual,lavender,college,satin,8900,lavender casual Clutch for college. Made from satin. Suitable for casual looks and college occasions.
P0450,Statement Earrings,accessories,streetwear,green,festive,cotton,800,green streetwear Statement Earrings for festive. Made from cotton. Suitable for streetwear looks and festive occasions.
P0451,Wrap Dress,dresses,casual,navy,wedding,silk,5400,navy casual Wrap Dress for wedding. Made from silk. Suitable for casual looks and wedding occasions.
P0452,Pleated Skirt,bottoms,streetwear,lavender,party,denim,1000,lavender streetwear Pleated Skirt for party. Made from denim. Suitable for streetwear looks and party occasions.
P0453,Wide Leg Trousers,bottoms,minimal,red,office,cotton,2500,red minimal Wide Leg Trousers for office. Made from cotton. Suitable for minimal looks and office occasions.
P0454,Saree,ethnic,minimal,brown,wedding,satin,6800,brown minimal Saree for wedding. Made from satin. Suitable for minimal looks and wedding occasions.
P0455,Sharara Set,ethnic,elegant,brown,everyday,denim,1500,brown elegant Sharara Set for everyday. Made from denim. Suitable for elegant looks and everyday occasions.
P0456,Anarkali,ethnic,streetwear,white,college,knit,5000,white streetwear Anarkali for college. Made from knit. Suitable for streetwear looks and college occasions.
P0457,Shoulder Bag,accessories,formal,beige,wedding,satin,2900,beige formal Shoulder Bag for wedding. Made from satin. Suitable for formal looks and wedding occasions.
P0458,Sneakers,shoes,minimal,navy,festive,silk,3600,navy minimal Sneakers for festive. Made from silk. Suitable for minimal looks and festive occasions.
P0459,Straight Jeans,bottoms,casual,red,festive,cotton,8500,red casual Straight Jeans for festive. Made from cotton. Suitable for casual looks and festive occasions.
P0460,Knit Top,tops,traditional,red,festive,cotton,9700,red traditional Knit Top for festive. Made from cotton. Suitable for traditional looks and festive occasions.
P0461,Crop Top,tops,minimal,white,office,knit,7500,white minimal Crop Top for office. Made from knit. Suitable for minimal looks and office occasions.
P0462,Blouse,tops,minimal,blue,everyday,cotton,4000,blue minimal Blouse for everyday. Made from cotton. Suitable for minimal looks and everyday occasions.
P0463,Statement Earrings,accessories,traditional,green,festive,satin,5700,green traditional Statement Earrings for festive. Made from satin. Suitable for traditional looks and festive occasions.
P0464,Block Heels,shoes,minimal,green,everyday,satin,2900,green minimal Block Heels for everyday. Made from satin. Suitable for minimal looks and everyday occasions.
P0465,Clutch,accessories,traditional,lavender,office,polyester,2400,lavender traditional Clutch for office. Made from polyester. Suitable for traditional looks and office occasions.
P0466,Anarkali,ethnic,casual,pink,office,linen,5400,pink casual Anarkali for office. Made from linen. Suitable for casual looks and office occasions.
P0467,Tote Bag,accessories,traditional,red,festive,satin,2400,red traditional Tote Bag for festive. Made from satin. Suitable for traditional looks and festive occasions.
P0468,Flats,shoes,trendy,beige,everyday,polyester,7500,beige trendy Flats for everyday. Made from polyester. Suitable for trendy looks and everyday occasions.
P0469,Tote Bag,accessories,traditional,beige,everyday,denim,2400,beige traditional Tote Bag for everyday. Made from denim. Suitable for traditional looks and everyday occasions.
P0470,Blouse,tops,streetwear,brown,college,knit,5200,brown streetwear Blouse for college. Made from knit. Suitable for streetwear looks and college occasions.
P0471,Bodycon Dress,dresses,casual,blue,festive,satin,7100,blue casual Bodycon Dress for festive. Made from satin. Suitable for casual looks and festive occasions.
P0472,Statement Earrings,accessories,trendy,brown,festive,polyester,6300,brown trendy Statement Earrings for festive. Made from polyester. Suitable for trendy looks and festive occasions.
P0473,Straight Jeans,bottoms,elegant,lavender,college,knit,3500,lavender elegant Straight Jeans for college. Made from knit. Suitable for elegant looks and college occasions.
P0474,Anarkali,ethnic,minimal,blue,date,linen,6500,blue minimal Anarkali for date. Made from linen. Suitable for minimal looks and date occasions.
P0475,Flats,shoes,traditional,navy,office,satin,2100,navy traditional Flats for office. Made from satin. Suitable for traditional looks and office occasions.
P0476,Lehenga,ethnic,streetwear,green,college,knit,9900,green streetwear Lehenga for college. Made from knit. Suitable for streetwear looks and college occasions.
P0477,Straight Jeans,bottoms,trendy,white,wedding,denim,1100,white trendy Straight Jeans for wedding. Made from denim. Suitable for trendy looks and wedding occasions.
P0478,Palazzo Pants,bottoms,minimal,white,everyday,knit,2200,white minimal Palazzo Pants for everyday. Made from knit. Suitable for minimal looks and everyday occasions.
P0479,Crop Top,tops,streetwear,lavender,travel,knit,9700,lavender streetwear Crop Top for travel. Made from knit. Suitable for streetwear looks and travel occasions.
P0480,Flats,shoes,casual,lavender,party,knit,3300,lavender casual Flats for party. Made from knit. Suitable for casual looks and party occasions.
P0481,Satin Top,tops,traditional,green,date,satin,7500,green traditional Satin Top for date. Made from satin. Suitable for traditional looks and date occasions.
P0482,Blouse,tops,formal,pink,date,satin,4100,pink formal Blouse for date. Made from satin. Suitable for formal looks and date occasions.
P0483,Block Heels,shoes,casual,red,college,denim,9000,red casual Block Heels for college. Made from denim. Suitable for casual looks and college occasions.
P0484,Crop Top,tops,casual,beige,travel,knit,3800,beige casual Crop Top for travel. Made from knit. Suitable for casual looks and travel occasions.
P0485,Statement Earrings,accessories,trendy,beige,date,polyester,6000,beige trendy Statement Earrings for date. Made from polyester. Suitable for trendy looks and date occasions.
P0486,Pleated Skirt,bottoms,elegant,white,festive,satin,4200,white elegant Pleated Skirt for festive. Made from satin. Suitable for elegant looks and festive occasions.
P0487,Clutch,accessories,trendy,brown,travel,satin,700,brown trendy Clutch for travel. Made from satin. Suitable for trendy looks and travel occasions.
P0488,Shoulder Bag,accessories,formal,brown,travel,knit,1500,brown formal Shoulder Bag for travel. Made from knit. Suitable for formal looks and travel occasions.
P0489,Flats,shoes,casual,red,wedding,silk,4100,red casual Flats for wedding. Made from silk. Suitable for casual looks and wedding occasions.
P0490,Saree,ethnic,minimal,navy,party,satin,6900,navy minimal Saree for party. Made from satin. Suitable for minimal looks and party occasions.
P0491,Anarkali,ethnic,elegant,white,everyday,cotton,2200,white elegant Anarkali for everyday. Made from cotton. Suitable for elegant looks and everyday occasions.
P0492,Knit Top,tops,trendy,black,festive,linen,9500,black trendy Knit Top for festive. Made from linen. Suitable for trendy looks and festive occasions.
P0493,Blouse,tops,casual,pink,office,polyester,5300,pink casual Blouse for office. Made from polyester. Suitable for casual looks and office occasions.
P0494,Anarkali,ethnic,minimal,beige,college,silk,8700,beige minimal Anarkali for college. Made from silk. Suitable for minimal looks and college occasions.
P0495,Kurta Set,ethnic,trendy,white,office,cotton,3400,white trendy Kurta Set for office. Made from cotton. Suitable for trendy looks and office occasions.
P0496,Wide Leg Trousers,bottoms,casual,lavender,wedding,satin,9400,lavender casual Wide Leg Trousers for wedding. Made from satin. Suitable for casual looks and wedding occasions.
P0497,Wide Leg Trousers,bottoms,elegant,green,office,knit,6100,green elegant Wide Leg Trousers for office. Made from knit. Suitable for elegant looks and office occasions.
P0498,Tote Bag,accessories,trendy,white,wedding,silk,1800,white trendy Tote Bag for wedding. Made from silk. Suitable for trendy looks and wedding occasions.
P0499,Shoulder Bag,accessories,elegant,green,travel,denim,2400,green elegant Shoulder Bag for travel. Made from denim. Suitable for elegant looks and travel occasions.
P0500,Straight Jeans,bottoms,formal,beige,office,satin,7900,beige formal Straight Jeans for office. Made from satin. Suitable for formal looks and office occasions.
P0501,Shirt Dress,dresses,formal,beige,everyday,denim,9900,beige formal Shirt Dress for everyday. Made from denim. Suitable for formal looks and everyday occasions.
P0502,Crop Top,tops,trendy,lavender,everyday,knit,3400,lavender trendy Crop Top for everyday. Made from knit. Suitable for trendy looks and everyday occasions.
P0503,Midi Dress,dresses,casual,white,festive,denim,6100,white casual Midi Dress for festive. Made from denim. Suitable for casual looks and festive occasions.
P0504,Kurta Set,ethnic,casual,pink,office,linen,7700,pink casual Kurta Set for office. Made from linen. Suitable for casual looks and office occasions.
P0505,Sandals,shoes,formal,lavender,date,knit,9500,lavender formal Sandals for date. Made from knit. Suitable for formal looks and date occasions.
P0506,Wrap Dress,dresses,casual,navy,wedding,polyester,5700,navy casual Wrap Dress for wedding. Made from polyester. Suitable for casual looks and wedding occasions.
P0507,Anarkali,ethnic,streetwear,blue,everyday,silk,2100,blue streetwear Anarkali for everyday. Made from silk. Suitable for streetwear looks and everyday occasions.
P0508,Knit Top,tops,formal,lavender,office,satin,800,lavender formal Knit Top for office. Made from satin. Suitable for formal looks and office occasions.
P0509,Saree,ethnic,casual,red,festive,denim,7600,red casual Saree for festive. Made from denim. Suitable for casual looks and festive occasions.
P0510,Tote Bag,accessories,streetwear,brown,office,cotton,8200,brown streetwear Tote Bag for office. Made from cotton. Suitable for streetwear looks and office occasions.
P0511,Midi Dress,dresses,minimal,blue,college,cotton,5700,blue minimal Midi Dress for college. Made from cotton. Suitable for minimal looks and college occasions.
P0512,Loafers,shoes,formal,navy,festive,silk,9600,navy formal Loafers for festive. Made from silk. Suitable for formal looks and festive occasions.
P0513,Wide Leg Trousers,bottoms,formal,navy,party,denim,1700,navy formal Wide Leg Trousers for party. Made from denim. Suitable for formal looks and party occasions.
P0514,Anarkali,ethnic,traditional,blue,party,satin,4800,blue traditional Anarkali for party. Made from satin. Suitable for traditional looks and party occasions.
P0515,Wide Leg Trousers,bottoms,minimal,red,wedding,cotton,3800,red minimal Wide Leg Trousers for wedding. Made from cotton. Suitable for minimal looks and wedding occasions.
P0516,Bodycon Dress,dresses,elegant,brown,college,denim,9200,brown elegant Bodycon Dress for college. Made from denim. Suitable for elegant looks and college occasions.
P0517,Tote Bag,accessories,elegant,black,party,polyester,800,black elegant Tote Bag for party. Made from polyester. Suitable for elegant looks and party occasions.
P0518,Knit Top,tops,minimal,navy,date,linen,5400,navy minimal Knit Top for date. Made from linen. Suitable for minimal looks and date occasions.
P0519,Blouse,tops,formal,white,college,denim,6100,white formal Blouse for college. Made from denim. Suitable for formal looks and college occasions.
P0520,Lehenga,ethnic,elegant,pink,office,silk,6500,pink elegant Lehenga for office. Made from silk. Suitable for elegant looks and office occasions.
P0521,Loafers,shoes,elegant,brown,party,denim,2700,brown elegant Loafers for party. Made from denim. Suitable for elegant looks and party occasions.
P0522,Anarkali,ethnic,traditional,white,wedding,polyester,7200,white traditional Anarkali for wedding. Made from polyester. Suitable for traditional looks and wedding occasions.
P0523,Midi Dress,dresses,streetwear,black,wedding,cotton,6700,black streetwear Midi Dress for wedding. Made from cotton. Suitable for streetwear looks and wedding occasions.
P0524,Sharara Set,ethnic,casual,beige,college,satin,9800,beige casual Sharara Set for college. Made from satin. Suitable for casual looks and college occasions.
P0525,Statement Earrings,accessories,casual,green,wedding,silk,9900,green casual Statement Earrings for wedding. Made from silk. Suitable for casual looks and wedding occasions.
P0526,Saree,ethnic,streetwear,white,travel,cotton,7100,white streetwear Saree for travel. Made from cotton. Suitable for streetwear looks and travel occasions.
P0527,Shoulder Bag,accessories,casual,blue,college,silk,1500,blue casual Shoulder Bag for college. Made from silk. Suitable for casual looks and college occasions.
P0528,Palazzo Pants,bottoms,streetwear,pink,travel,cotton,7700,pink streetwear Palazzo Pants for travel. Made from cotton. Suitable for streetwear looks and travel occasions.
P0529,Wide Leg Trousers,bottoms,minimal,blue,date,satin,4500,blue minimal Wide Leg Trousers for date. Made from satin. Suitable for minimal looks and date occasions.
P0530,Watch,accessories,casual,brown,travel,satin,7000,brown casual Watch for travel. Made from satin. Suitable for casual looks and travel occasions.
P0531,Oversized Shirt,tops,streetwear,blue,party,cotton,5900,blue streetwear Oversized Shirt for party. Made from cotton. Suitable for streetwear looks and party occasions.
P0532,Maxi Dress,dresses,traditional,green,college,denim,700,green traditional Maxi Dress for college. Made from denim. Suitable for traditional looks and college occasions.
P0533,Statement Earrings,accessories,streetwear,pink,office,linen,7400,pink streetwear Statement Earrings for office. Made from linen. Suitable for streetwear looks and office occasions.
P0534,Knit Top,tops,trendy,black,party,polyester,4200,black trendy Knit Top for party. Made from polyester. Suitable for trendy looks and party occasions.
P0535,Midi Dress,dresses,casual,navy,festive,polyester,5400,navy casual Midi Dress for festive. Made from polyester. Suitable for casual looks and festive occasions.
P0536,Wide Leg Trousers,bottoms,traditional,white,party,polyester,5700,white traditional Wide Leg Trousers for party. Made from polyester. Suitable for traditional looks and party occasions.
P0537,Shirt Dress,dresses,traditional,black,festive,polyester,2300,black traditional Shirt Dress for festive. Made from polyester. Suitable for traditional looks and festive occasions.
P0538,Blouse,tops,minimal,green,festive,polyester,4800,green minimal Blouse for festive. Made from polyester. Suitable for minimal looks and festive occasions.
P0539,Sharara Set,ethnic,minimal,blue,office,linen,2400,blue minimal Sharara Set for office. Made from linen. Suitable for minimal looks and office occasions.
P0540,Block Heels,shoes,casual,white,party,silk,6600,white casual Block Heels for party. Made from silk. Suitable for casual looks and party occasions.
P0541,Sharara Set,ethnic,elegant,navy,travel,knit,3300,navy elegant Sharara Set for travel. Made from knit. Suitable for elegant looks and travel occasions.
P0542,Palazzo Pants,bottoms,trendy,pink,office,cotton,2700,pink trendy Palazzo Pants for office. Made from cotton. Suitable for trendy looks and office occasions.
P0543,Clutch,accessories,streetwear,lavender,college,linen,4800,lavender streetwear Clutch for college. Made from linen. Suitable for streetwear looks and college occasions.
P0544,Satin Top,tops,formal,blue,travel,silk,7200,blue formal Satin Top for travel. Made from silk. Suitable for formal looks and travel occasions.
P0545,Wrap Dress,dresses,minimal,beige,college,silk,6400,beige minimal Wrap Dress for college. Made from silk. Suitable for minimal looks and college occasions.
P0546,Sandals,shoes,casual,white,everyday,cotton,2400,white casual Sandals for everyday. Made from cotton. Suitable for casual looks and everyday occasions.
P0547,Midi Dress,dresses,elegant,blue,party,linen,5800,blue elegant Midi Dress for party. Made from linen. Suitable for elegant looks and party occasions.
P0548,Anarkali,ethnic,traditional,lavender,date,knit,1600,lavender traditional Anarkali for date. Made from knit. Suitable for traditional looks and date occasions.
P0549,Midi Dress,dresses,casual,brown,party,cotton,4900,brown casual Midi Dress for party. Made from cotton. Suitable for casual looks and party occasions.
P0550,Midi Dress,dresses,trendy,black,party,satin,6200,black trendy Midi Dress for party. Made from satin. Suitable for trendy looks and party occasions.
P0551,Statement Earrings,accessories,trendy,black,festive,polyester,6100,black trendy Statement Earrings for festive. Made from polyester. Suitable for trendy looks and festive occasions.
P0552,Blouse,tops,casual,beige,date,denim,6400,beige casual Blouse for date. Made from denim. Suitable for casual looks and date occasions.
P0553,Satin Top,tops,traditional,lavender,wedding,polyester,4400,lavender traditional Satin Top for wedding. Made from polyester. Suitable for traditional looks and wedding occasions.
P0554,Pleated Skirt,bottoms,traditional,brown,college,cotton,4200,brown traditional Pleated Skirt for college. Made from cotton. Suitable for traditional looks and college occasions.
P0555,Straight Jeans,bottoms,trendy,blue,wedding,polyester,7600,blue trendy Straight Jeans for wedding. Made from polyester. Suitable for trendy looks and wedding occasions.
P0556,Bodycon Dress,dresses,streetwear,green,everyday,satin,6900,green streetwear Bodycon Dress for everyday. Made from satin. Suitable for streetwear looks and everyday occasions.
P0557,Lehenga,ethnic,traditional,green,festive,denim,3000,green traditional Lehenga for festive. Made from denim. Suitable for traditional looks and festive occasions.
P0558,Wrap Dress,dresses,traditional,blue,college,knit,4200,blue traditional Wrap Dress for college. Made from knit. Suitable for traditional looks and college occasions.
P0559,Bodycon Dress,dresses,traditional,green,wedding,linen,1900,green traditional Bodycon Dress for wedding. Made from linen. Suitable for traditional looks and wedding occasions.
P0560,Crop Top,tops,minimal,navy,college,knit,3500,navy minimal Crop Top for college. Made from knit. Suitable for minimal looks and college occasions.
P0561,Flats,shoes,minimal,beige,party,linen,8200,beige minimal Flats for party. Made from linen. Suitable for minimal looks and party occasions.
P0562,Saree,ethnic,traditional,black,travel,satin,7900,black traditional Saree for travel. Made from satin. Suitable for traditional looks and travel occasions.
P0563,Oversized Shirt,tops,casual,brown,date,linen,6900,brown casual Oversized Shirt for date. Made from linen. Suitable for casual looks and date occasions.
P0564,Midi Dress,dresses,elegant,blue,wedding,cotton,7400,blue elegant Midi Dress for wedding. Made from cotton. Suitable for elegant looks and wedding occasions.
P0565,Wide Leg Trousers,bottoms,minimal,lavender,wedding,knit,2300,lavender minimal Wide Leg Trousers for wedding. Made from knit. Suitable for minimal looks and wedding occasions.
P0566,Kurta Set,ethnic,streetwear,green,college,cotton,2500,green streetwear Kurta Set for college. Made from cotton. Suitable for streetwear looks and college occasions.
P0567,Sneakers,shoes,streetwear,white,travel,cotton,5400,white streetwear Sneakers for travel. Made from cotton. Suitable for streetwear looks and travel occasions.
P0568,Statement Earrings,accessories,traditional,white,travel,denim,4800,white traditional Statement Earrings for travel. Made from denim. Suitable for traditional looks and travel occasions.
P0569,Crop Top,tops,formal,red,everyday,polyester,4700,red formal Crop Top for everyday. Made from polyester. Suitable for formal looks and everyday occasions.
P0570,Oversized Shirt,tops,formal,lavender,travel,linen,9200,lavender formal Oversized Shirt for travel. Made from linen. Suitable for formal looks and travel occasions.
P0571,Sneakers,shoes,trendy,pink,date,linen,2900,pink trendy Sneakers for date. Made from linen. Suitable for trendy looks and date occasions.
P0572,Shoulder Bag,accessories,formal,lavender,festive,knit,7900,lavender formal Shoulder Bag for festive. Made from knit. Suitable for formal looks and festive occasions.
P0573,Maxi Dress,dresses,traditional,green,wedding,polyester,7900,green traditional Maxi Dress for wedding. Made from polyester. Suitable for traditional looks and wedding occasions.
P0574,Bodycon Dress,dresses,casual,green,office,linen,5100,green casual Bodycon Dress for office. Made from linen. Suitable for casual looks and office occasions.
P0575,Kurta Set,ethnic,formal,white,travel,silk,800,white formal Kurta Set for travel. Made from silk. Suitable for formal looks and travel occasions.
P0576,Kurta Set,ethnic,casual,white,travel,denim,2000,white casual Kurta Set for travel. Made from denim. Suitable for casual looks and travel occasions.
P0577,Shoulder Bag,accessories,elegant,red,everyday,polyester,6000,red elegant Shoulder Bag for everyday. Made from polyester. Suitable for elegant looks and everyday occasions.
P0578,Knit Top,tops,trendy,red,travel,satin,5500,red trendy Knit Top for travel. Made from satin. Suitable for trendy looks and travel occasions.
P0579,Bodycon Dress,dresses,streetwear,lavender,wedding,linen,6400,lavender streetwear Bodycon Dress for wedding. Made from linen. Suitable for streetwear looks and wedding occasions.
P0580,Midi Dress,dresses,minimal,black,travel,denim,2000,black minimal Midi Dress for travel. Made from denim. Suitable for minimal looks and travel occasions.
P0581,Wrap Dress,dresses,casual,red,party,polyester,1600,red casual Wrap Dress for party. Made from polyester. Suitable for casual looks and party occasions.
P0582,Block Heels,shoes,minimal,lavender,everyday,polyester,1000,lavender minimal Block Heels for everyday. Made from polyester. Suitable for minimal looks and everyday occasions.
P0583,Straight Jeans,bottoms,traditional,red,party,cotton,1900,red traditional Straight Jeans for party. Made from cotton. Suitable for traditional looks and party occasions.
P0584,Kurta Set,ethnic,casual,red,date,polyester,4300,red casual Kurta Set for date. Made from polyester. Suitable for casual looks and date occasions.
P0585,Kurta Set,ethnic,elegant,black,festive,satin,7700,black elegant Kurta Set for festive. Made from satin. Suitable for elegant looks and festive occasions.
P0586,Straight Jeans,bottoms,elegant,green,college,silk,1800,green elegant Straight Jeans for college. Made from silk. Suitable for elegant looks and college occasions.
P0587,Lehenga,ethnic,trendy,blue,office,cotton,3300,blue trendy Lehenga for office. Made from cotton. Suitable for trendy looks and office occasions.
P0588,Blouse,tops,elegant,brown,office,denim,5700,brown elegant Blouse for office. Made from denim. Suitable for elegant looks and office occasions.
P0589,Pleated Skirt,bottoms,formal,pink,office,polyester,7600,pink formal Pleated Skirt for office. Made from polyester. Suitable for formal looks and office occasions.
P0590,Straight Jeans,bottoms,minimal,red,travel,linen,6400,red minimal Straight Jeans for travel. Made from linen. Suitable for minimal looks and travel occasions.
P0591,Wrap Dress,dresses,trendy,brown,date,linen,4100,brown trendy Wrap Dress for date. Made from linen. Suitable for trendy looks and date occasions.
P0592,Block Heels,shoes,casual,white,office,polyester,5100,white casual Block Heels for office. Made from polyester. Suitable for casual looks and office occasions.
P0593,Flats,shoes,streetwear,lavender,wedding,satin,1400,lavender streetwear Flats for wedding. Made from satin. Suitable for streetwear looks and wedding occasions.
P0594,Pleated Skirt,bottoms,traditional,brown,wedding,silk,4500,brown traditional Pleated Skirt for wedding. Made from silk. Suitable for traditional looks and wedding occasions.
P0595,Bodycon Dress,dresses,streetwear,black,party,cotton,6400,black streetwear Bodycon Dress for party. Made from cotton. Suitable for streetwear looks and party occasions.
P0596,Crop Top,tops,casual,blue,party,cotton,6100,blue casual Crop Top for party. Made from cotton. Suitable for casual looks and party occasions.
P0597,Bodycon Dress,dresses,casual,beige,date,denim,1500,beige casual Bodycon Dress for date. Made from denim. Suitable for casual looks and date occasions.
P0598,Bodycon Dress,dresses,traditional,red,travel,knit,4200,red traditional Bodycon Dress for travel. Made from knit. Suitable for traditional looks and travel occasions.
P0599,Flats,shoes,streetwear,black,festive,cotton,6000,black streetwear Flats for festive. Made from cotton. Suitable for streetwear looks and festive occasions.
P0600,Crop Top,tops,traditional,lavender,office,cotton,7900,lavender traditional Crop Top for office. Made from cotton. Suitable for traditional looks and office occasions.
P0601,Wrap Dress,dresses,streetwear,navy,travel,silk,4000,navy streetwear Wrap Dress for travel. Made from silk. Suitable for streetwear looks and travel occasions.
P0602,Pleated Skirt,bottoms,traditional,lavender,everyday,cotton,2900,lavender traditional Pleated Skirt for everyday. Made from cotton. Suitable for traditional looks and everyday occasions.
P0603,Sharara Set,ethnic,casual,lavender,festive,cotton,5700,lavender casual Sharara Set for festive. Made from cotton. Suitable for casual looks and festive occasions.
P0604,Kurta Set,ethnic,elegant,brown,date,denim,900,brown elegant Kurta Set for date. Made from denim. Suitable for elegant looks and date occasions.
P0605,Saree,ethnic,minimal,pink,everyday,knit,9600,pink minimal Saree for everyday. Made from knit. Suitable for minimal looks and everyday occasions.
P0606,Shoulder Bag,accessories,streetwear,blue,party,denim,6300,blue streetwear Shoulder Bag for party. Made from denim. Suitable for streetwear looks and party occasions.
P0607,Saree,ethnic,formal,red,office,linen,6300,red formal Saree for office. Made from linen. Suitable for formal looks and office occasions.
P0608,Knit Top,tops,formal,brown,travel,knit,1400,brown formal Knit Top for travel. Made from knit. Suitable for formal looks and travel occasions.
P0609,Sneakers,shoes,elegant,pink,festive,linen,7400,pink elegant Sneakers for festive. Made from linen. Suitable for elegant looks and festive occasions.
P0610,Block Heels,shoes,casual,blue,wedding,knit,1400,blue casual Block Heels for wedding. Made from knit. Suitable for casual looks and wedding occasions.
P0611,Satin Top,tops,trendy,black,travel,polyester,3200,black trendy Satin Top for travel. Made from polyester. Suitable for trendy looks and travel occasions.
P0612,Saree,ethnic,streetwear,brown,festive,polyester,2200,brown streetwear Saree for festive. Made from polyester. Suitable for streetwear looks and festive occasions.
P0613,Shoulder Bag,accessories,casual,green,everyday,satin,6400,green casual Shoulder Bag for everyday. Made from satin. Suitable for casual looks and everyday occasions.
P0614,Knit Top,tops,traditional,navy,travel,denim,2700,navy traditional Knit Top for travel. Made from denim. Suitable for traditional looks and travel occasions.
P0615,Anarkali,ethnic,minimal,black,festive,cotton,2700,black minimal Anarkali for festive. Made from cotton. Suitable for minimal looks and festive occasions.
P0616,Sneakers,shoes,streetwear,blue,wedding,polyester,3300,blue streetwear Sneakers for wedding. Made from polyester. Suitable for streetwear looks and wedding occasions.
P0617,Sharara Set,ethnic,traditional,black,college,silk,2300,black traditional Sharara Set for college. Made from silk. Suitable for traditional looks and college occasions.
P0618,Tote Bag,accessories,traditional,black,wedding,denim,8400,black traditional Tote Bag for wedding. Made from denim. Suitable for traditional looks and wedding occasions.
P0619,Saree,ethnic,trendy,red,travel,silk,3900,red trendy Saree for travel. Made from silk. Suitable for trendy looks and travel occasions.
P0620,Knit Top,tops,minimal,navy,festive,satin,2000,navy minimal Knit Top for festive. Made from satin. Suitable for minimal looks and festive occasions.
P0621,Shirt Dress,dresses,formal,green,date,denim,9400,green formal Shirt Dress for date. Made from denim. Suitable for formal looks and date occasions.
P0622,Bodycon Dress,dresses,elegant,green,date,polyester,4800,green elegant Bodycon Dress for date. Made from polyester. Suitable for elegant looks and date occasions.
P0623,Saree,ethnic,formal,pink,wedding,linen,7300,pink formal Saree for wedding. Made from linen. Suitable for formal looks and wedding occasions.
P0624,Satin Top,tops,streetwear,lavender,festive,polyester,4700,lavender streetwear Satin Top for festive. Made from polyester. Suitable for streetwear looks and festive occasions.
P0625,Tote Bag,accessories,formal,black,everyday,denim,4000,black formal Tote Bag for everyday. Made from denim. Suitable for formal looks and everyday occasions.
P0626,Pleated Skirt,bottoms,trendy,black,wedding,denim,9900,black trendy Pleated Skirt for wedding. Made from denim. Suitable for trendy looks and wedding occasions.
P0627,Tote Bag,accessories,formal,navy,everyday,polyester,5200,navy formal Tote Bag for everyday. Made from polyester. Suitable for formal looks and everyday occasions.
P0628,Loafers,shoes,streetwear,beige,party,denim,1900,beige streetwear Loafers for party. Made from denim. Suitable for streetwear looks and party occasions.
P0629,Straight Jeans,bottoms,formal,pink,party,polyester,4900,pink formal Straight Jeans for party. Made from polyester. Suitable for formal looks and party occasions.
P0630,Shoulder Bag,accessories,casual,green,wedding,polyester,4600,green casual Shoulder Bag for wedding. Made from polyester. Suitable for casual looks and wedding occasions.
P0631,Palazzo Pants,bottoms,minimal,pink,date,silk,2200,pink minimal Palazzo Pants for date. Made from silk. Suitable for minimal looks and date occasions.
P0632,Wide Leg Trousers,bottoms,streetwear,lavender,office,silk,3100,lavender streetwear Wide Leg Trousers for office. Made from silk. Suitable for streetwear looks and office occasions.
P0633,Block Heels,shoes,streetwear,red,date,silk,1300,red streetwear Block Heels for date. Made from silk. Suitable for streetwear looks and date occasions.
P0634,Crop Top,tops,casual,green,festive,satin,6500,green casual Crop Top for festive. Made from satin. Suitable for casual looks and festive occasions.
P0635,Blouse,tops,streetwear,beige,office,silk,4900,beige streetwear Blouse for office. Made from silk. Suitable for streetwear looks and office occasions.
P0636,Tote Bag,accessories,minimal,black,college,silk,4200,black minimal Tote Bag for college. Made from silk. Suitable for minimal looks and college occasions.
P0637,Crop Top,tops,traditional,beige,everyday,knit,1800,beige traditional Crop Top for everyday. Made from knit. Suitable for traditional looks and everyday occasions.
P0638,Oversized Shirt,tops,trendy,red,festive,silk,6800,red trendy Oversized Shirt for festive. Made from silk. Suitable for trendy looks and festive occasions.
P0639,Wide Leg Trousers,bottoms,elegant,navy,wedding,polyester,5400,navy elegant Wide Leg Trousers for wedding. Made from polyester. Suitable for elegant looks and wedding occasions.
P0640,Wrap Dress,dresses,streetwear,navy,wedding,cotton,9300,navy streetwear Wrap Dress for wedding. Made from cotton. Suitable for streetwear looks and wedding occasions.
P0641,Maxi Dress,dresses,casual,green,date,linen,2000,green casual Maxi Dress for date. Made from linen. Suitable for casual looks and date occasions.
P0642,Palazzo Pants,bottoms,casual,white,college,denim,4400,white casual Palazzo Pants for college. Made from denim. Suitable for casual looks and college occasions.
P0643,Palazzo Pants,bottoms,trendy,beige,travel,silk,5200,beige trendy Palazzo Pants for travel. Made from silk. Suitable for trendy looks and travel occasions.
P0644,Crop Top,tops,streetwear,red,college,linen,3500,red streetwear Crop Top for college. Made from linen. Suitable for streetwear looks and college occasions.
P0645,Tote Bag,accessories,casual,black,party,cotton,5300,black casual Tote Bag for party. Made from cotton. Suitable for casual looks and party occasions.
P0646,Shoulder Bag,accessories,trendy,pink,college,satin,1300,pink trendy Shoulder Bag for college. Made from satin. Suitable for trendy looks and college occasions.
P0647,Shoulder Bag,accessories,formal,black,college,polyester,2100,black formal Shoulder Bag for college. Made from polyester. Suitable for formal looks and college occasions.
P0648,Pleated Skirt,bottoms,trendy,white,date,silk,9600,white trendy Pleated Skirt for date. Made from silk. Suitable for trendy looks and date occasions.
P0649,Crop Top,tops,formal,black,date,silk,9100,black formal Crop Top for date. Made from silk. Suitable for formal looks and date occasions.
P0650,Shirt Dress,dresses,minimal,lavender,party,silk,2000,lavender minimal Shirt Dress for party. Made from silk. Suitable for minimal looks and party occasions.
P0651,Sandals,shoes,elegant,pink,office,knit,2000,pink elegant Sandals for office. Made from knit. Suitable for elegant looks and office occasions.
P0652,Straight Jeans,bottoms,traditional,blue,date,knit,7300,blue traditional Straight Jeans for date. Made from knit. Suitable for traditional looks and date occasions.
P0653,Blouse,tops,formal,red,date,linen,1200,red formal Blouse for date. Made from linen. Suitable for formal looks and date occasions.
P0654,Flats,shoes,casual,brown,travel,linen,700,brown casual Flats for travel. Made from linen. Suitable for casual looks and travel occasions.
P0655,Midi Dress,dresses,elegant,lavender,everyday,linen,1800,lavender elegant Midi Dress for everyday. Made from linen. Suitable for elegant looks and everyday occasions.
P0656,Block Heels,shoes,formal,white,date,polyester,3600,white formal Block Heels for date. Made from polyester. Suitable for formal looks and date occasions.
P0657,Palazzo Pants,bottoms,minimal,brown,college,cotton,2900,brown minimal Palazzo Pants for college. Made from cotton. Suitable for minimal looks and college occasions.
P0658,Wrap Dress,dresses,minimal,green,festive,polyester,2100,green minimal Wrap Dress for festive. Made from polyester. Suitable for minimal looks and festive occasions.
P0659,Midi Dress,dresses,elegant,beige,party,denim,5200,beige elegant Midi Dress for party. Made from denim. Suitable for elegant looks and party occasions.
P0660,Palazzo Pants,bottoms,formal,white,travel,knit,5000,white formal Palazzo Pants for travel. Made from knit. Suitable for formal looks and travel occasions.
P0661,Satin Top,tops,trendy,red,everyday,denim,5600,red trendy Satin Top for everyday. Made from denim. Suitable for trendy looks and everyday occasions.
P0662,Statement Earrings,accessories,streetwear,red,party,cotton,2300,red streetwear Statement Earrings for party. Made from cotton. Suitable for streetwear looks and party occasions.
P0663,Shoulder Bag,accessories,streetwear,beige,office,silk,8200,beige streetwear Shoulder Bag for office. Made from silk. Suitable for streetwear looks and office occasions.
P0664,Pleated Skirt,bottoms,casual,lavender,festive,knit,5200,lavender casual Pleated Skirt for festive. Made from knit. Suitable for casual looks and festive occasions.
P0665,Block Heels,shoes,streetwear,beige,everyday,silk,2100,beige streetwear Block Heels for everyday. Made from silk. Suitable for streetwear looks and everyday occasions.
P0666,Pleated Skirt,bottoms,elegant,white,date,polyester,4700,white elegant Pleated Skirt for date. Made from polyester. Suitable for elegant looks and date occasions.
P0667,Shirt Dress,dresses,streetwear,lavender,wedding,polyester,5000,lavender streetwear Shirt Dress for wedding. Made from polyester. Suitable for streetwear looks and wedding occasions.
P0668,Sandals,shoes,formal,lavender,office,silk,9100,lavender formal Sandals for office. Made from silk. Suitable for formal looks and office occasions.
P0669,Tote Bag,accessories,trendy,green,festive,linen,7800,green trendy Tote Bag for festive. Made from linen. Suitable for trendy looks and festive occasions.
P0670,Block Heels,shoes,elegant,beige,everyday,knit,7000,beige elegant Block Heels for everyday. Made from knit. Suitable for elegant looks and everyday occasions.
P0671,Satin Top,tops,streetwear,brown,travel,linen,4900,brown streetwear Satin Top for travel. Made from linen. Suitable for streetwear looks and travel occasions.
P0672,Anarkali,ethnic,traditional,blue,festive,silk,3700,blue traditional Anarkali for festive. Made from silk. Suitable for traditional looks and festive occasions.
P0673,Bodycon Dress,dresses,trendy,lavender,everyday,cotton,7000,lavender trendy Bodycon Dress for everyday. Made from cotton. Suitable for trendy looks and everyday occasions.
P0674,Palazzo Pants,bottoms,elegant,brown,college,cotton,5800,brown elegant Palazzo Pants for college. Made from cotton. Suitable for elegant looks and college occasions.
P0675,Wide Leg Trousers,bottoms,traditional,navy,college,knit,1800,navy traditional Wide Leg Trousers for college. Made from knit. Suitable for traditional looks and college occasions.
P0676,Sandals,shoes,formal,pink,wedding,polyester,9200,pink formal Sandals for wedding. Made from polyester. Suitable for formal looks and wedding occasions.
P0677,Palazzo Pants,bottoms,minimal,black,wedding,knit,6500,black minimal Palazzo Pants for wedding. Made from knit. Suitable for minimal looks and wedding occasions.
P0678,Lehenga,ethnic,streetwear,lavender,everyday,polyester,9100,lavender streetwear Lehenga for everyday. Made from polyester. Suitable for streetwear looks and everyday occasions.
P0679,Sharara Set,ethnic,elegant,white,wedding,cotton,5000,white elegant Sharara Set for wedding. Made from cotton. Suitable for elegant looks and wedding occasions.
P0680,Saree,ethnic,traditional,navy,travel,polyester,2000,navy traditional Saree for travel. Made from polyester. Suitable for traditional looks and travel occasions.
P0681,Maxi Dress,dresses,trendy,beige,festive,cotton,3900,beige trendy Maxi Dress for festive. Made from cotton. Suitable for trendy looks and festive occasions.
P0682,Sneakers,shoes,casual,white,festive,linen,6500,white casual Sneakers for festive. Made from linen. Suitable for casual looks and festive occasions.
P0683,Blouse,tops,elegant,red,college,polyester,9300,red elegant Blouse for college. Made from polyester. Suitable for elegant looks and college occasions.
P0684,Block Heels,shoes,streetwear,brown,everyday,polyester,8200,brown streetwear Block Heels for everyday. Made from polyester. Suitable for streetwear looks and everyday occasions.
P0685,Sneakers,shoes,trendy,black,college,satin,6200,black trendy Sneakers for college. Made from satin. Suitable for trendy looks and college occasions.
P0686,Flats,shoes,traditional,beige,party,polyester,2300,beige traditional Flats for party. Made from polyester. Suitable for traditional looks and party occasions.
P0687,Bodycon Dress,dresses,formal,lavender,travel,satin,5600,lavender formal Bodycon Dress for travel. Made from satin. Suitable for formal looks and travel occasions.
P0688,Straight Jeans,bottoms,minimal,red,travel,denim,6400,red minimal Straight Jeans for travel. Made from denim. Suitable for minimal looks and travel occasions.
P0689,Crop Top,tops,trendy,lavender,date,knit,9600,lavender trendy Crop Top for date. Made from knit. Suitable for trendy looks and date occasions.
P0690,Loafers,shoes,formal,navy,wedding,linen,3300,navy formal Loafers for wedding. Made from linen. Suitable for formal looks and wedding occasions.
P0691,Loafers,shoes,formal,green,party,polyester,9000,green formal Loafers for party. Made from polyester. Suitable for formal looks and party occasions.
P0692,Oversized Shirt,tops,traditional,green,office,knit,5200,green traditional Oversized Shirt for office. Made from knit. Suitable for traditional looks and office occasions.
P0693,Flats,shoes,traditional,lavender,festive,polyester,7500,lavender traditional Flats for festive. Made from polyester. Suitable for traditional looks and festive occasions.
P0694,Sharara Set,ethnic,streetwear,black,office,cotton,5500,black streetwear Sharara Set for office. Made from cotton. Suitable for streetwear looks and office occasions.
P0695,Satin Top,tops,formal,black,wedding,denim,2700,black formal Satin Top for wedding. Made from denim. Suitable for formal looks and wedding occasions.
P0696,Saree,ethnic,casual,black,date,linen,7600,black casual Saree for date. Made from linen. Suitable for casual looks and date occasions.
P0697,Wrap Dress,dresses,streetwear,brown,office,satin,9300,brown streetwear Wrap Dress for office. Made from satin. Suitable for streetwear looks and office occasions.
P0698,Watch,accessories,streetwear,blue,festive,linen,7200,blue streetwear Watch for festive. Made from linen. Suitable for streetwear looks and festive occasions.
P0699,Clutch,accessories,formal,black,festive,silk,6000,black formal Clutch for festive. Made from silk. Suitable for formal looks and festive occasions.
P0700,Clutch,accessories,traditional,black,college,polyester,3900,black traditional Clutch for college. Made from polyester. Suitable for traditional looks and college occasions.
P0701,Oversized Shirt,tops,streetwear,brown,wedding,polyester,9700,brown streetwear Oversized Shirt for wedding. Made from polyester. Suitable for streetwear looks and wedding occasions.
P0702,Clutch,accessories,streetwear,lavender,wedding,knit,9900,lavender streetwear Clutch for wedding. Made from knit. Suitable for streetwear looks and wedding occasions.
P0703,Blouse,tops,trendy,beige,office,linen,2900,beige trendy Blouse for office. Made from linen. Suitable for trendy looks and office occasions.
P0704,Watch,accessories,elegant,red,college,silk,4200,red elegant Watch for college. Made from silk. Suitable for elegant looks and college occasions.
P0705,Loafers,shoes,casual,beige,date,cotton,4900,beige casual Loafers for date. Made from cotton. Suitable for casual looks and date occasions.
P0706,Straight Jeans,bottoms,elegant,beige,travel,satin,1300,beige elegant Straight Jeans for travel. Made from satin. Suitable for elegant looks and travel occasions.
P0707,Watch,accessories,streetwear,pink,everyday,knit,8000,pink streetwear Watch for everyday. Made from knit. Suitable for streetwear looks and everyday occasions.
P0708,Loafers,shoes,elegant,green,wedding,linen,7300,green elegant Loafers for wedding. Made from linen. Suitable for elegant looks and wedding occasions.
P0709,Shirt Dress,dresses,casual,red,festive,cotton,5100,red casual Shirt Dress for festive. Made from cotton. Suitable for casual looks and festive occasions.
P0710,Crop Top,tops,formal,green,travel,denim,4400,green formal Crop Top for travel. Made from denim. Suitable for formal looks and travel occasions.
P0711,Oversized Shirt,tops,traditional,brown,college,cotton,9200,brown traditional Oversized Shirt for college. Made from cotton. Suitable for traditional looks and college occasions.
P0712,Sharara Set,ethnic,casual,lavender,wedding,cotton,9400,lavender casual Sharara Set for wedding. Made from cotton. Suitable for casual looks and wedding occasions.
P0713,Sharara Set,ethnic,streetwear,white,festive,denim,7600,white streetwear Sharara Set for festive. Made from denim. Suitable for streetwear looks and festive occasions.
P0714,Clutch,accessories,elegant,navy,travel,satin,7200,navy elegant Clutch for travel. Made from satin. Suitable for elegant looks and travel occasions.
P0715,Pleated Skirt,bottoms,elegant,pink,wedding,denim,7200,pink elegant Pleated Skirt for wedding. Made from denim. Suitable for elegant looks and wedding occasions.
P0716,Midi Dress,dresses,casual,navy,college,polyester,1500,navy casual Midi Dress for college. Made from polyester. Suitable for casual looks and college occasions.
P0717,Crop Top,tops,streetwear,red,office,linen,7500,red streetwear Crop Top for office. Made from linen. Suitable for streetwear looks and office occasions.
P0718,Statement Earrings,accessories,formal,white,party,cotton,6500,white formal Statement Earrings for party. Made from cotton. Suitable for formal looks and party occasions.
P0719,Clutch,accessories,elegant,white,office,cotton,2900,white elegant Clutch for office. Made from cotton. Suitable for elegant looks and office occasions.
P0720,Lehenga,ethnic,elegant,lavender,wedding,denim,5900,lavender elegant Lehenga for wedding. Made from denim. Suitable for elegant looks and wedding occasions.
P0721,Pleated Skirt,bottoms,formal,red,festive,denim,900,red formal Pleated Skirt for festive. Made from denim. Suitable for formal looks and festive occasions.
P0722,Wide Leg Trousers,bottoms,traditional,black,office,knit,8100,black traditional Wide Leg Trousers for office. Made from knit. Suitable for traditional looks and office occasions.
P0723,Midi Dress,dresses,minimal,navy,office,denim,9400,navy minimal Midi Dress for office. Made from denim. Suitable for minimal looks and office occasions.
P0724,Lehenga,ethnic,elegant,pink,everyday,silk,5700,pink elegant Lehenga for everyday. Made from silk. Suitable for elegant looks and everyday occasions.
P0725,Shoulder Bag,accessories,trendy,beige,wedding,linen,5700,beige trendy Shoulder Bag for wedding. Made from linen. Suitable for trendy looks and wedding occasions.
P0726,Loafers,shoes,formal,beige,date,polyester,8900,beige formal Loafers for date. Made from polyester. Suitable for formal looks and date occasions.
P0727,Anarkali,ethnic,traditional,navy,party,cotton,1200,navy traditional Anarkali for party. Made from cotton. Suitable for traditional looks and party occasions.
P0728,Shirt Dress,dresses,traditional,red,office,denim,3300,red traditional Shirt Dress for office. Made from denim. Suitable for traditional looks and office occasions.
P0729,Clutch,accessories,casual,red,party,linen,3000,red casual Clutch for party. Made from linen. Suitable for casual looks and party occasions.
P0730,Oversized Shirt,tops,streetwear,pink,wedding,cotton,3000,pink streetwear Oversized Shirt for wedding. Made from cotton. Suitable for streetwear looks and wedding occasions.
P0731,Watch,accessories,streetwear,black,everyday,polyester,7700,black streetwear Watch for everyday. Made from polyester. Suitable for streetwear looks and everyday occasions.
P0732,Wrap Dress,dresses,formal,white,date,cotton,3200,white formal Wrap Dress for date. Made from cotton. Suitable for formal looks and date occasions.
P0733,Watch,accessories,trendy,green,travel,linen,9200,green trendy Watch for travel. Made from linen. Suitable for trendy looks and travel occasions.
P0734,Tote Bag,accessories,elegant,pink,office,linen,4700,pink elegant Tote Bag for office. Made from linen. Suitable for elegant looks and office occasions.
P0735,Pleated Skirt,bottoms,minimal,lavender,date,polyester,8100,lavender minimal Pleated Skirt for date. Made from polyester. Suitable for minimal looks and date occasions.
P0736,Oversized Shirt,tops,traditional,green,travel,silk,2800,green traditional Oversized Shirt for travel. Made from silk. Suitable for traditional looks and travel occasions.
P0737,Wrap Dress,dresses,casual,blue,festive,denim,5300,blue casual Wrap Dress for festive. Made from denim. Suitable for casual looks and festive occasions.
P0738,Blouse,tops,trendy,brown,everyday,denim,4600,brown trendy Blouse for everyday. Made from denim. Suitable for trendy looks and everyday occasions.
P0739,Wide Leg Trousers,bottoms,casual,lavender,office,knit,4200,lavender casual Wide Leg Trousers for office. Made from knit. Suitable for casual looks and office occasions.
P0740,Oversized Shirt,tops,casual,pink,office,polyester,1600,pink casual Oversized Shirt for office. Made from polyester. Suitable for casual looks and office occasions.
P0741,Shirt Dress,dresses,formal,black,festive,knit,8200,black formal Shirt Dress for festive. Made from knit. Suitable for formal looks and festive occasions.
P0742,Satin Top,tops,traditional,pink,everyday,polyester,2600,pink traditional Satin Top for everyday. Made from polyester. Suitable for traditional looks and everyday occasions.
P0743,Sharara Set,ethnic,casual,lavender,date,linen,6600,lavender casual Sharara Set for date. Made from linen. Suitable for casual looks and date occasions.
P0744,Sandals,shoes,elegant,red,travel,satin,800,red elegant Sandals for travel. Made from satin. Suitable for elegant looks and travel occasions.
P0745,Tote Bag,accessories,streetwear,lavender,party,knit,7200,lavender streetwear Tote Bag for party. Made from knit. Suitable for streetwear looks and party occasions.
P0746,Knit Top,tops,casual,beige,party,polyester,6800,beige casual Knit Top for party. Made from polyester. Suitable for casual looks and party occasions.
P0747,Anarkali,ethnic,casual,brown,wedding,cotton,4000,brown casual Anarkali for wedding. Made from cotton. Suitable for casual looks and wedding occasions.
P0748,Kurta Set,ethnic,elegant,blue,travel,silk,6700,blue elegant Kurta Set for travel. Made from silk. Suitable for elegant looks and travel occasions.
P0749,Wide Leg Trousers,bottoms,elegant,green,office,polyester,7300,green elegant Wide Leg Trousers for office. Made from polyester. Suitable for elegant looks and office occasions.
P0750,Clutch,accessories,streetwear,pink,party,silk,9000,pink streetwear Clutch for party. Made from silk. Suitable for streetwear looks and party occasions.
P0751,Palazzo Pants,bottoms,traditional,white,date,silk,3500,white traditional Palazzo Pants for date. Made from silk. Suitable for traditional looks and date occasions.
P0752,Flats,shoes,minimal,green,everyday,knit,6800,green minimal Flats for everyday. Made from knit. Suitable for minimal looks and everyday occasions.
P0753,Block Heels,shoes,traditional,beige,everyday,linen,3600,beige traditional Block Heels for everyday. Made from linen. Suitable for traditional looks and everyday occasions.
P0754,Shirt Dress,dresses,formal,pink,wedding,linen,3000,pink formal Shirt Dress for wedding. Made from linen. Suitable for formal looks and wedding occasions.
P0755,Blouse,tops,traditional,white,wedding,silk,4900,white traditional Blouse for wedding. Made from silk. Suitable for traditional looks and wedding occasions.
P0756,Shoulder Bag,accessories,trendy,brown,everyday,linen,8200,brown trendy Shoulder Bag for everyday. Made from linen. Suitable for trendy looks and everyday occasions.
P0757,Knit Top,tops,elegant,blue,college,linen,8000,blue elegant Knit Top for college. Made from linen. Suitable for elegant looks and college occasions.
P0758,Sneakers,shoes,casual,navy,college,satin,2500,navy casual Sneakers for college. Made from satin. Suitable for casual looks and college occasions.
P0759,Maxi Dress,dresses,minimal,beige,festive,satin,7900,beige minimal Maxi Dress for festive. Made from satin. Suitable for minimal looks and festive occasions.
P0760,Shoulder Bag,accessories,formal,pink,office,linen,6400,pink formal Shoulder Bag for office. Made from linen. Suitable for formal looks and office occasions.
P0761,Flats,shoes,streetwear,brown,party,linen,5900,brown streetwear Flats for party. Made from linen. Suitable for streetwear looks and party occasions.
P0762,Sneakers,shoes,streetwear,lavender,party,satin,9100,lavender streetwear Sneakers for party. Made from satin. Suitable for streetwear looks and party occasions.
P0763,Loafers,shoes,casual,green,everyday,satin,8200,green casual Loafers for everyday. Made from satin. Suitable for casual looks and everyday occasions.
P0764,Maxi Dress,dresses,trendy,red,party,cotton,900,red trendy Maxi Dress for party. Made from cotton. Suitable for trendy looks and party occasions.
P0765,Oversized Shirt,tops,streetwear,navy,festive,knit,2600,navy streetwear Oversized Shirt for festive. Made from knit. Suitable for streetwear looks and festive occasions.
P0766,Block Heels,shoes,casual,brown,college,knit,7500,brown casual Block Heels for college. Made from knit. Suitable for casual looks and college occasions.
P0767,Block Heels,shoes,elegant,brown,party,satin,7600,brown elegant Block Heels for party. Made from satin. Suitable for elegant looks and party occasions.
P0768,Bodycon Dress,dresses,traditional,red,travel,knit,1200,red traditional Bodycon Dress for travel. Made from knit. Suitable for traditional looks and travel occasions.
P0769,Watch,accessories,trendy,blue,everyday,knit,5500,blue trendy Watch for everyday. Made from knit. Suitable for trendy looks and everyday occasions.
P0770,Lehenga,ethnic,streetwear,lavender,office,silk,2400,lavender streetwear Lehenga for office. Made from silk. Suitable for streetwear looks and office occasions.
P0771,Sharara Set,ethnic,streetwear,blue,office,denim,8300,blue streetwear Sharara Set for office. Made from denim. Suitable for streetwear looks and office occasions.
P0772,Flats,shoes,minimal,blue,college,polyester,700,blue minimal Flats for college. Made from polyester. Suitable for minimal looks and college occasions.
P0773,Sandals,shoes,elegant,navy,college,silk,9000,navy elegant Sandals for college. Made from silk. Suitable for elegant looks and college occasions.
P0774,Blouse,tops,trendy,green,office,linen,6100,green trendy Blouse for office. Made from linen. Suitable for trendy looks and office occasions.
P0775,Watch,accessories,minimal,pink,festive,satin,5300,pink minimal Watch for festive. Made from satin. Suitable for minimal looks and festive occasions.
P0776,Loafers,shoes,formal,red,wedding,silk,7700,red formal Loafers for wedding. Made from silk. Suitable for formal looks and wedding occasions.
P0777,Flats,shoes,casual,green,everyday,denim,4600,green casual Flats for everyday. Made from denim. Suitable for casual looks and everyday occasions.
P0778,Loafers,shoes,streetwear,red,party,knit,9100,red streetwear Loafers for party. Made from knit. Suitable for streetwear looks and party occasions.
P0779,Maxi Dress,dresses,trendy,beige,office,linen,7200,beige trendy Maxi Dress for office. Made from linen. Suitable for trendy looks and office occasions.
P0780,Palazzo Pants,bottoms,streetwear,navy,college,linen,5600,navy streetwear Palazzo Pants for college. Made from linen. Suitable for streetwear looks and college occasions.
P0781,Shoulder Bag,accessories,streetwear,white,party,silk,8300,white streetwear Shoulder Bag for party. Made from silk. Suitable for streetwear looks and party occasions.
P0782,Wide Leg Trousers,bottoms,elegant,pink,wedding,denim,1700,pink elegant Wide Leg Trousers for wedding. Made from denim. Suitable for elegant looks and wedding occasions.
P0783,Block Heels,shoes,formal,red,festive,satin,9000,red formal Block Heels for festive. Made from satin. Suitable for formal looks and festive occasions.
P0784,Loafers,shoes,formal,lavender,college,knit,2900,lavender formal Loafers for college. Made from knit. Suitable for formal looks and college occasions.
P0785,Statement Earrings,accessories,trendy,black,wedding,knit,9100,black trendy Statement Earrings for wedding. Made from knit. Suitable for trendy looks and wedding occasions.
P0786,Loafers,shoes,casual,black,wedding,satin,2800,black casual Loafers for wedding. Made from satin. Suitable for casual looks and wedding occasions.
P0787,Shoulder Bag,accessories,minimal,blue,college,linen,1800,blue minimal Shoulder Bag for college. Made from linen. Suitable for minimal looks and college occasions.
P0788,Sharara Set,ethnic,minimal,red,festive,satin,3200,red minimal Sharara Set for festive. Made from satin. Suitable for minimal looks and festive occasions.
P0789,Block Heels,shoes,formal,white,office,satin,4300,white formal Block Heels for office. Made from satin. Suitable for formal looks and office occasions.
P0790,Watch,accessories,traditional,green,travel,knit,4200,green traditional Watch for travel. Made from knit. Suitable for traditional looks and travel occasions.
P0791,Oversized Shirt,tops,casual,brown,festive,satin,700,brown casual Oversized Shirt for festive. Made from satin. Suitable for casual looks and festive occasions.
P0792,Kurta Set,ethnic,trendy,navy,office,satin,1600,navy trendy Kurta Set for office. Made from satin. Suitable for trendy looks and office occasions.
P0793,Loafers,shoes,minimal,white,date,satin,8000,white minimal Loafers for date. Made from satin. Suitable for minimal looks and date occasions.
P0794,Sharara Set,ethnic,trendy,lavender,everyday,knit,3800,lavender trendy Sharara Set for everyday. Made from knit. Suitable for trendy looks and everyday occasions.
P0795,Sharara Set,ethnic,formal,brown,college,silk,2100,brown formal Sharara Set for college. Made from silk. Suitable for formal looks and college occasions.
P0796,Anarkali,ethnic,trendy,blue,wedding,knit,4700,blue trendy Anarkali for wedding. Made from knit. Suitable for trendy looks and wedding occasions.
P0797,Palazzo Pants,bottoms,traditional,navy,college,polyester,4000,navy traditional Palazzo Pants for college. Made from polyester. Suitable for traditional looks and college occasions.
P0798,Blouse,tops,elegant,red,travel,cotton,7700,red elegant Blouse for travel. Made from cotton. Suitable for elegant looks and travel occasions.
P0799,Knit Top,tops,minimal,green,wedding,satin,4100,green minimal Knit Top for wedding. Made from satin. Suitable for minimal looks and wedding occasions.
P0800,Crop Top,tops,trendy,blue,wedding,polyester,3700,blue trendy Crop Top for wedding. Made from polyester. Suitable for trendy looks and wedding occasions.
P0801,Kurta Set,ethnic,casual,blue,wedding,knit,8600,blue casual Kurta Set for wedding. Made from knit. Suitable for casual looks and wedding occasions.
P0802,Kurta Set,ethnic,streetwear,white,office,cotton,9300,white streetwear Kurta Set for office. Made from cotton. Suitable for streetwear looks and office occasions.
P0803,Statement Earrings,accessories,traditional,black,college,knit,6800,black traditional Statement Earrings for college. Made from knit. Suitable for traditional looks and college occasions.
P0804,Lehenga,ethnic,minimal,brown,date,silk,3000,brown minimal Lehenga for date. Made from silk. Suitable for minimal looks and date occasions.
P0805,Loafers,shoes,trendy,blue,party,cotton,7400,blue trendy Loafers for party. Made from cotton. Suitable for trendy looks and party occasions.
P0806,Pleated Skirt,bottoms,traditional,black,travel,silk,9400,black traditional Pleated Skirt for travel. Made from silk. Suitable for traditional looks and travel occasions.
P0807,Knit Top,tops,elegant,navy,everyday,denim,9500,navy elegant Knit Top for everyday. Made from denim. Suitable for elegant looks and everyday occasions.
P0808,Midi Dress,dresses,formal,blue,festive,satin,1900,blue formal Midi Dress for festive. Made from satin. Suitable for formal looks and festive occasions.
P0809,Saree,ethnic,traditional,pink,party,satin,4000,pink traditional Saree for party. Made from satin. Suitable for traditional looks and party occasions.
P0810,Blouse,tops,trendy,lavender,travel,denim,3000,lavender trendy Blouse for travel. Made from denim. Suitable for trendy looks and travel occasions.
P0811,Pleated Skirt,bottoms,casual,red,travel,denim,5800,red casual Pleated Skirt for travel. Made from denim. Suitable for casual looks and travel occasions.
P0812,Sharara Set,ethnic,casual,lavender,party,satin,9400,lavender casual Sharara Set for party. Made from satin. Suitable for casual looks and party occasions.
P0813,Satin Top,tops,formal,pink,wedding,satin,6200,pink formal Satin Top for wedding. Made from satin. Suitable for formal looks and wedding occasions.
P0814,Straight Jeans,bottoms,casual,beige,everyday,knit,800,beige casual Straight Jeans for everyday. Made from knit. Suitable for casual looks and everyday occasions.
P0815,Knit Top,tops,trendy,beige,travel,knit,6900,beige trendy Knit Top for travel. Made from knit. Suitable for trendy looks and travel occasions.
P0816,Saree,ethnic,traditional,lavender,college,silk,1900,lavender traditional Saree for college. Made from silk. Suitable for traditional looks and college occasions.
P0817,Tote Bag,accessories,elegant,blue,date,silk,8700,blue elegant Tote Bag for date. Made from silk. Suitable for elegant looks and date occasions.
P0818,Bodycon Dress,dresses,formal,green,date,denim,5300,green formal Bodycon Dress for date. Made from denim. Suitable for formal looks and date occasions.
P0819,Sandals,shoes,streetwear,pink,travel,cotton,5900,pink streetwear Sandals for travel. Made from cotton. Suitable for streetwear looks and travel occasions.
P0820,Wrap Dress,dresses,streetwear,lavender,wedding,satin,8000,lavender streetwear Wrap Dress for wedding. Made from satin. Suitable for streetwear looks and wedding occasions.
P0821,Watch,accessories,casual,pink,travel,denim,9300,pink casual Watch for travel. Made from denim. Suitable for casual looks and travel occasions.
P0822,Flats,shoes,streetwear,brown,office,silk,8500,brown streetwear Flats for office. Made from silk. Suitable for streetwear looks and office occasions.
P0823,Sharara Set,ethnic,formal,beige,party,polyester,5000,beige formal Sharara Set for party. Made from polyester. Suitable for formal looks and party occasions.
P0824,Pleated Skirt,bottoms,streetwear,white,office,linen,5000,white streetwear Pleated Skirt for office. Made from linen. Suitable for streetwear looks and office occasions.
P0825,Blouse,tops,minimal,pink,date,satin,8900,pink minimal Blouse for date. Made from satin. Suitable for minimal looks and date occasions.
P0826,Palazzo Pants,bottoms,trendy,green,everyday,silk,2800,green trendy Palazzo Pants for everyday. Made from silk. Suitable for trendy looks and everyday occasions.
P0827,Satin Top,tops,casual,blue,date,polyester,9600,blue casual Satin Top for date. Made from polyester. Suitable for casual looks and date occasions.
P0828,Shoulder Bag,accessories,casual,beige,festive,cotton,1900,beige casual Shoulder Bag for festive. Made from cotton. Suitable for casual looks and festive occasions.
P0829,Bodycon Dress,dresses,traditional,black,college,knit,5700,black traditional Bodycon Dress for college. Made from knit. Suitable for traditional looks and college occasions.
P0830,Block Heels,shoes,elegant,pink,party,cotton,9000,pink elegant Block Heels for party. Made from cotton. Suitable for elegant looks and party occasions.
P0831,Palazzo Pants,bottoms,casual,blue,date,silk,8700,blue casual Palazzo Pants for date. Made from silk. Suitable for casual looks and date occasions.
P0832,Crop Top,tops,traditional,beige,college,cotton,9100,beige traditional Crop Top for college. Made from cotton. Suitable for traditional looks and college occasions.
P0833,Saree,ethnic,streetwear,brown,everyday,knit,7600,brown streetwear Saree for everyday. Made from knit. Suitable for streetwear looks and everyday occasions.
P0834,Lehenga,ethnic,trendy,beige,party,satin,8300,beige trendy Lehenga for party. Made from satin. Suitable for trendy looks and party occasions.
P0835,Pleated Skirt,bottoms,traditional,navy,date,denim,6800,navy traditional Pleated Skirt for date. Made from denim. Suitable for traditional looks and date occasions.
P0836,Sneakers,shoes,streetwear,white,everyday,denim,5300,white streetwear Sneakers for everyday. Made from denim. Suitable for streetwear looks and everyday occasions.
P0837,Palazzo Pants,bottoms,casual,pink,college,cotton,7300,pink casual Palazzo Pants for college. Made from cotton. Suitable for casual looks and college occasions.
P0838,Blouse,tops,minimal,brown,college,polyester,6900,brown minimal Blouse for college. Made from polyester. Suitable for minimal looks and college occasions.
P0839,Palazzo Pants,bottoms,elegant,red,date,satin,3600,red elegant Palazzo Pants for date. Made from satin. Suitable for elegant looks and date occasions.
P0840,Shirt Dress,dresses,minimal,blue,festive,satin,6200,blue minimal Shirt Dress for festive. Made from satin. Suitable for minimal looks and festive occasions.
P0841,Straight Jeans,bottoms,casual,red,festive,linen,4000,red casual Straight Jeans for festive. Made from linen. Suitable for casual looks and festive occasions.
P0842,Bodycon Dress,dresses,formal,blue,date,denim,9000,blue formal Bodycon Dress for date. Made from denim. Suitable for formal looks and date occasions.
P0843,Watch,accessories,streetwear,pink,festive,linen,1500,pink streetwear Watch for festive. Made from linen. Suitable for streetwear looks and festive occasions.
P0844,Crop Top,tops,minimal,white,everyday,satin,6400,white minimal Crop Top for everyday. Made from satin. Suitable for minimal looks and everyday occasions.
P0845,Lehenga,ethnic,trendy,blue,travel,cotton,2600,blue trendy Lehenga for travel. Made from cotton. Suitable for trendy looks and travel occasions.
P0846,Shirt Dress,dresses,elegant,beige,office,denim,4100,beige elegant Shirt Dress for office. Made from denim. Suitable for elegant looks and office occasions.
P0847,Knit Top,tops,formal,black,wedding,cotton,2600,black formal Knit Top for wedding. Made from cotton. Suitable for formal looks and wedding occasions.
P0848,Bodycon Dress,dresses,casual,green,festive,denim,7000,green casual Bodycon Dress for festive. Made from denim. Suitable for casual looks and festive occasions.
P0849,Sharara Set,ethnic,formal,black,travel,cotton,2500,black formal Sharara Set for travel. Made from cotton. Suitable for formal looks and travel occasions.
P0850,Wrap Dress,dresses,streetwear,red,office,satin,6700,red streetwear Wrap Dress for office. Made from satin. Suitable for streetwear looks and office occasions.
P0851,Crop Top,tops,streetwear,pink,festive,knit,800,pink streetwear Crop Top for festive. Made from knit. Suitable for streetwear looks and festive occasions.
P0852,Maxi Dress,dresses,trendy,brown,wedding,polyester,1100,brown trendy Maxi Dress for wedding. Made from polyester. Suitable for trendy looks and wedding occasions.
P0853,Knit Top,tops,formal,white,wedding,silk,5600,white formal Knit Top for wedding. Made from silk. Suitable for formal looks and wedding occasions.
P0854,Clutch,accessories,minimal,beige,college,polyester,7700,beige minimal Clutch for college. Made from polyester. Suitable for minimal looks and college occasions.
P0855,Block Heels,shoes,minimal,brown,date,linen,5300,brown minimal Block Heels for date. Made from linen. Suitable for minimal looks and date occasions.
P0856,Maxi Dress,dresses,elegant,blue,festive,denim,800,blue elegant Maxi Dress for festive. Made from denim. Suitable for elegant looks and festive occasions.
P0857,Blouse,tops,traditional,white,festive,knit,3800,white traditional Blouse for festive. Made from knit. Suitable for traditional looks and festive occasions.
P0858,Midi Dress,dresses,traditional,brown,party,denim,1800,brown traditional Midi Dress for party. Made from denim. Suitable for traditional looks and party occasions.
P0859,Crop Top,tops,trendy,white,travel,knit,8700,white trendy Crop Top for travel. Made from knit. Suitable for trendy looks and travel occasions.
P0860,Midi Dress,dresses,minimal,beige,office,linen,6900,beige minimal Midi Dress for office. Made from linen. Suitable for minimal looks and office occasions.
P0861,Blouse,tops,traditional,green,everyday,polyester,3100,green traditional Blouse for everyday. Made from polyester. Suitable for traditional looks and everyday occasions.
P0862,Bodycon Dress,dresses,minimal,beige,date,cotton,6900,beige minimal Bodycon Dress for date. Made from cotton. Suitable for minimal looks and date occasions.
P0863,Statement Earrings,accessories,traditional,pink,everyday,linen,7900,pink traditional Statement Earrings for everyday. Made from linen. Suitable for traditional looks and everyday occasions.
P0864,Oversized Shirt,tops,minimal,green,everyday,denim,8300,green minimal Oversized Shirt for everyday. Made from denim. Suitable for minimal looks and everyday occasions.
P0865,Sneakers,shoes,elegant,navy,party,silk,4400,navy elegant Sneakers for party. Made from silk. Suitable for elegant looks and party occasions.
P0866,Lehenga,ethnic,minimal,brown,college,knit,8800,brown minimal Lehenga for college. Made from knit. Suitable for minimal looks and college occasions.
P0867,Flats,shoes,formal,beige,college,satin,5300,beige formal Flats for college. Made from satin. Suitable for formal looks and college occasions.
P0868,Sneakers,shoes,minimal,white,festive,linen,7400,white minimal Sneakers for festive. Made from linen. Suitable for minimal looks and festive occasions.
P0869,Statement Earrings,accessories,streetwear,navy,party,satin,4300,navy streetwear Statement Earrings for party. Made from satin. Suitable for streetwear looks and party occasions.
P0870,Sharara Set,ethnic,formal,green,office,cotton,7300,green formal Sharara Set for office. Made from cotton. Suitable for formal looks and office occasions.
P0871,Shoulder Bag,accessories,elegant,beige,party,knit,1100,beige elegant Shoulder Bag for party. Made from knit. Suitable for elegant looks and party occasions.
P0872,Satin Top,tops,trendy,blue,office,cotton,8000,blue trendy Satin Top for office. Made from cotton. Suitable for trendy looks and office occasions.
P0873,Statement Earrings,accessories,formal,brown,date,cotton,5300,brown formal Statement Earrings for date. Made from cotton. Suitable for formal looks and date occasions.
P0874,Oversized Shirt,tops,formal,white,college,linen,9000,white formal Oversized Shirt for college. Made from linen. Suitable for formal looks and college occasions.
P0875,Wide Leg Trousers,bottoms,trendy,black,travel,satin,6000,black trendy Wide Leg Trousers for travel. Made from satin. Suitable for trendy looks and travel occasions.
P0876,Anarkali,ethnic,streetwear,lavender,date,satin,1200,lavender streetwear Anarkali for date. Made from satin. Suitable for streetwear looks and date occasions.
P0877,Shoulder Bag,accessories,streetwear,pink,office,linen,7300,pink streetwear Shoulder Bag for office. Made from linen. Suitable for streetwear looks and office occasions.
P0878,Midi Dress,dresses,formal,blue,festive,linen,3100,blue formal Midi Dress for festive. Made from linen. Suitable for formal looks and festive occasions.
P0879,Sneakers,shoes,traditional,beige,festive,polyester,2000,beige traditional Sneakers for festive. Made from polyester. Suitable for traditional looks and festive occasions.
P0880,Watch,accessories,minimal,brown,festive,cotton,2800,brown minimal Watch for festive. Made from cotton. Suitable for minimal looks and festive occasions.
P0881,Oversized Shirt,tops,trendy,navy,travel,polyester,2700,navy trendy Oversized Shirt for travel. Made from polyester. Suitable for trendy looks and travel occasions.
P0882,Sandals,shoes,trendy,green,travel,satin,4800,green trendy Sandals for travel. Made from satin. Suitable for trendy looks and travel occasions.
P0883,Sharara Set,ethnic,streetwear,red,travel,satin,3700,red streetwear Sharara Set for travel. Made from satin. Suitable for streetwear looks and travel occasions.
P0884,Sandals,shoes,casual,red,date,denim,6400,red casual Sandals for date. Made from denim. Suitable for casual looks and date occasions.
P0885,Pleated Skirt,bottoms,elegant,black,date,satin,900,black elegant Pleated Skirt for date. Made from satin. Suitable for elegant looks and date occasions.
P0886,Sneakers,shoes,minimal,black,date,linen,3400,black minimal Sneakers for date. Made from linen. Suitable for minimal looks and date occasions.
P0887,Anarkali,ethnic,streetwear,pink,party,cotton,1100,pink streetwear Anarkali for party. Made from cotton. Suitable for streetwear looks and party occasions.
P0888,Palazzo Pants,bottoms,casual,beige,date,denim,8100,beige casual Palazzo Pants for date. Made from denim. Suitable for casual looks and date occasions.
P0889,Crop Top,tops,minimal,pink,office,satin,5800,pink minimal Crop Top for office. Made from satin. Suitable for minimal looks and office occasions.
P0890,Sneakers,shoes,formal,white,travel,knit,6800,white formal Sneakers for travel. Made from knit. Suitable for formal looks and travel occasions.
P0891,Knit Top,tops,streetwear,lavender,office,satin,8900,lavender streetwear Knit Top for office. Made from satin. Suitable for streetwear looks and office occasions.
P0892,Anarkali,ethnic,formal,lavender,festive,cotton,1400,lavender formal Anarkali for festive. Made from cotton. Suitable for formal looks and festive occasions.
P0893,Saree,ethnic,streetwear,red,festive,knit,2200,red streetwear Saree for festive. Made from knit. Suitable for streetwear looks and festive occasions.
P0894,Oversized Shirt,tops,elegant,red,college,denim,7400,red elegant Oversized Shirt for college. Made from denim. Suitable for elegant looks and college occasions.
P0895,Wrap Dress,dresses,traditional,lavender,party,denim,7100,lavender traditional Wrap Dress for party. Made from denim. Suitable for traditional looks and party occasions.
P0896,Tote Bag,accessories,casual,black,festive,silk,8300,black casual Tote Bag for festive. Made from silk. Suitable for casual looks and festive occasions.
P0897,Sandals,shoes,elegant,blue,festive,denim,5700,blue elegant Sandals for festive. Made from denim. Suitable for elegant looks and festive occasions.
P0898,Crop Top,tops,minimal,white,everyday,satin,1300,white minimal Crop Top for everyday. Made from satin. Suitable for minimal looks and everyday occasions.
P0899,Flats,shoes,minimal,white,festive,satin,6200,white minimal Flats for festive. Made from satin. Suitable for minimal looks and festive occasions.
P0900,Tote Bag,accessories,streetwear,beige,everyday,satin,3200,beige streetwear Tote Bag for everyday. Made from satin. Suitable for streetwear looks and everyday occasions.
P0901,Pleated Skirt,bottoms,formal,lavender,wedding,satin,8500,lavender formal Pleated Skirt for wedding. Made from satin. Suitable for formal looks and wedding occasions.
P0902,Watch,accessories,casual,blue,office,denim,6200,blue casual Watch for office. Made from denim. Suitable for casual looks and office occasions.
P0903,Lehenga,ethnic,elegant,white,festive,silk,5300,white elegant Lehenga for festive. Made from silk. Suitable for elegant looks and festive occasions.
P0904,Kurta Set,ethnic,minimal,green,college,knit,4600,green minimal Kurta Set for college. Made from knit. Suitable for minimal looks and college occasions.
P0905,Blouse,tops,traditional,brown,party,silk,1200,brown traditional Blouse for party. Made from silk. Suitable for traditional looks and party occasions.
P0906,Crop Top,tops,formal,green,party,knit,1700,green formal Crop Top for party. Made from knit. Suitable for formal looks and party occasions.
P0907,Midi Dress,dresses,casual,lavender,party,knit,4300,lavender casual Midi Dress for party. Made from knit. Suitable for casual looks and party occasions.
P0908,Wrap Dress,dresses,formal,white,date,silk,6700,white formal Wrap Dress for date. Made from silk. Suitable for formal looks and date occasions.
P0909,Wrap Dress,dresses,casual,navy,wedding,linen,7600,navy casual Wrap Dress for wedding. Made from linen. Suitable for casual looks and wedding occasions.
P0910,Loafers,shoes,traditional,brown,party,polyester,9600,brown traditional Loafers for party. Made from polyester. Suitable for traditional looks and party occasions.
P0911,Shoulder Bag,accessories,trendy,lavender,college,denim,2800,lavender trendy Shoulder Bag for college. Made from denim. Suitable for trendy looks and college occasions.
P0912,Wrap Dress,dresses,casual,lavender,date,cotton,6600,lavender casual Wrap Dress for date. Made from cotton. Suitable for casual looks and date occasions.
P0913,Shoulder Bag,accessories,elegant,red,date,polyester,9100,red elegant Shoulder Bag for date. Made from polyester. Suitable for elegant looks and date occasions.
P0914,Anarkali,ethnic,elegant,pink,festive,linen,5500,pink elegant Anarkali for festive. Made from linen. Suitable for elegant looks and festive occasions.
P0915,Block Heels,shoes,minimal,brown,office,linen,3200,brown minimal Block Heels for office. Made from linen. Suitable for minimal looks and office occasions.
P0916,Flats,shoes,traditional,black,college,linen,7400,black traditional Flats for college. Made from linen. Suitable for traditional looks and college occasions.
P0917,Saree,ethnic,trendy,red,party,cotton,5100,red trendy Saree for party. Made from cotton. Suitable for trendy looks and party occasions.
P0918,Clutch,accessories,minimal,pink,wedding,satin,4200,pink minimal Clutch for wedding. Made from satin. Suitable for minimal looks and wedding occasions.
P0919,Wrap Dress,dresses,trendy,black,date,linen,2600,black trendy Wrap Dress for date. Made from linen. Suitable for trendy looks and date occasions.
P0920,Sharara Set,ethnic,formal,beige,office,polyester,5500,beige formal Sharara Set for office. Made from polyester. Suitable for formal looks and office occasions.
P0921,Sandals,shoes,streetwear,blue,festive,linen,8000,blue streetwear Sandals for festive. Made from linen. Suitable for streetwear looks and festive occasions.
P0922,Knit Top,tops,minimal,lavender,travel,silk,7600,lavender minimal Knit Top for travel. Made from silk. Suitable for minimal looks and travel occasions.
P0923,Crop Top,tops,formal,beige,wedding,knit,2400,beige formal Crop Top for wedding. Made from knit. Suitable for formal looks and wedding occasions.
P0924,Lehenga,ethnic,casual,red,party,polyester,7900,red casual Lehenga for party. Made from polyester. Suitable for casual looks and party occasions.
P0925,Blouse,tops,elegant,navy,office,linen,4700,navy elegant Blouse for office. Made from linen. Suitable for elegant looks and office occasions.
P0926,Satin Top,tops,streetwear,green,festive,silk,4500,green streetwear Satin Top for festive. Made from silk. Suitable for streetwear looks and festive occasions.
P0927,Palazzo Pants,bottoms,casual,blue,office,linen,3000,blue casual Palazzo Pants for office. Made from linen. Suitable for casual looks and office occasions.
P0928,Shirt Dress,dresses,traditional,pink,wedding,satin,3600,pink traditional Shirt Dress for wedding. Made from satin. Suitable for traditional looks and wedding occasions.
P0929,Satin Top,tops,minimal,white,everyday,linen,7100,white minimal Satin Top for everyday. Made from linen. Suitable for minimal looks and everyday occasions.
P0930,Flats,shoes,formal,green,party,knit,5600,green formal Flats for party. Made from knit. Suitable for formal looks and party occasions.
P0931,Pleated Skirt,bottoms,casual,beige,wedding,linen,1100,beige casual Pleated Skirt for wedding. Made from linen. Suitable for casual looks and wedding occasions.
P0932,Wide Leg Trousers,bottoms,minimal,red,wedding,polyester,9200,red minimal Wide Leg Trousers for wedding. Made from polyester. Suitable for minimal looks and wedding occasions.
P0933,Crop Top,tops,elegant,beige,everyday,knit,8500,beige elegant Crop Top for everyday. Made from knit. Suitable for elegant looks and everyday occasions.
P0934,Palazzo Pants,bottoms,streetwear,brown,wedding,silk,5800,brown streetwear Palazzo Pants for wedding. Made from silk. Suitable for streetwear looks and wedding occasions.
P0935,Shirt Dress,dresses,formal,red,travel,silk,8500,red formal Shirt Dress for travel. Made from silk. Suitable for formal looks and travel occasions.
P0936,Watch,accessories,traditional,navy,college,satin,2000,navy traditional Watch for college. Made from satin. Suitable for traditional looks and college occasions.
P0937,Pleated Skirt,bottoms,streetwear,black,wedding,satin,7500,black streetwear Pleated Skirt for wedding. Made from satin. Suitable for streetwear looks and wedding occasions.
P0938,Wide Leg Trousers,bottoms,traditional,red,college,linen,4400,red traditional Wide Leg Trousers for college. Made from linen. Suitable for traditional looks and college occasions.
P0939,Pleated Skirt,bottoms,minimal,pink,everyday,linen,6100,pink minimal Pleated Skirt for everyday. Made from linen. Suitable for minimal looks and everyday occasions.
P0940,Lehenga,ethnic,elegant,navy,party,silk,8900,navy elegant Lehenga for party. Made from silk. Suitable for elegant looks and party occasions.
P0941,Wide Leg Trousers,bottoms,formal,navy,office,linen,8100,navy formal Wide Leg Trousers for office. Made from linen. Suitable for formal looks and office occasions.
P0942,Watch,accessories,casual,red,festive,denim,6400,red casual Watch for festive. Made from denim. Suitable for casual looks and festive occasions.
P0943,Maxi Dress,dresses,trendy,lavender,wedding,silk,1800,lavender trendy Maxi Dress for wedding. Made from silk. Suitable for trendy looks and wedding occasions.
P0944,Saree,ethnic,formal,beige,office,cotton,2100,beige formal Saree for office. Made from cotton. Suitable for formal looks and office occasions.
P0945,Statement Earrings,accessories,formal,green,office,satin,9700,green formal Statement Earrings for office. Made from satin. Suitable for formal looks and office occasions.
P0946,Straight Jeans,bottoms,trendy,navy,festive,cotton,2800,navy trendy Straight Jeans for festive. Made from cotton. Suitable for trendy looks and festive occasions.
P0947,Lehenga,ethnic,streetwear,beige,party,knit,2500,beige streetwear Lehenga for party. Made from knit. Suitable for streetwear looks and party occasions.
P0948,Satin Top,tops,trendy,pink,date,polyester,6400,pink trendy Satin Top for date. Made from polyester. Suitable for trendy looks and date occasions.
P0949,Kurta Set,ethnic,elegant,beige,wedding,cotton,8600,beige elegant Kurta Set for wedding. Made from cotton. Suitable for elegant looks and wedding occasions.
P0950,Anarkali,ethnic,trendy,brown,everyday,satin,700,brown trendy Anarkali for everyday. Made from satin. Suitable for trendy looks and everyday occasions.
P0951,Flats,shoes,casual,blue,everyday,silk,5900,blue casual Flats for everyday. Made from silk. Suitable for casual looks and everyday occasions.
P0952,Wide Leg Trousers,bottoms,traditional,lavender,college,linen,7700,lavender traditional Wide Leg Trousers for college. Made from linen. Suitable for traditional looks and college occasions.
P0953,Lehenga,ethnic,formal,navy,wedding,cotton,3000,navy formal Lehenga for wedding. Made from cotton. Suitable for formal looks and wedding occasions.
P0954,Satin Top,tops,formal,green,college,linen,1100,green formal Satin Top for college. Made from linen. Suitable for formal looks and college occasions.
P0955,Watch,accessories,streetwear,lavender,date,denim,1800,lavender streetwear Watch for date. Made from denim. Suitable for streetwear looks and date occasions.
P0956,Midi Dress,dresses,trendy,beige,party,polyester,4300,beige trendy Midi Dress for party. Made from polyester. Suitable for trendy looks and party occasions.
P0957,Sandals,shoes,traditional,navy,party,silk,8100,navy traditional Sandals for party. Made from silk. Suitable for traditional looks and party occasions.
P0958,Anarkali,ethnic,elegant,pink,travel,denim,5500,pink elegant Anarkali for travel. Made from denim. Suitable for elegant looks and travel occasions.
P0959,Bodycon Dress,dresses,streetwear,navy,office,denim,6700,navy streetwear Bodycon Dress for office. Made from denim. Suitable for streetwear looks and office occasions.
P0960,Satin Top,tops,formal,pink,travel,satin,5900,pink formal Satin Top for travel. Made from satin. Suitable for formal looks and travel occasions.
P0961,Sneakers,shoes,formal,blue,college,cotton,8000,blue formal Sneakers for college. Made from cotton. Suitable for formal looks and college occasions.
P0962,Watch,accessories,elegant,brown,date,silk,8400,brown elegant Watch for date. Made from silk. Suitable for elegant looks and date occasions.
P0963,Saree,ethnic,traditional,lavender,travel,linen,8500,lavender traditional Saree for travel. Made from linen. Suitable for traditional looks and travel occasions.
P0964,Flats,shoes,traditional,brown,everyday,knit,3000,brown traditional Flats for everyday. Made from knit. Suitable for traditional looks and everyday occasions.
P0965,Sneakers,shoes,formal,pink,wedding,cotton,2200,pink formal Sneakers for wedding. Made from cotton. Suitable for formal looks and wedding occasions.
P0966,Bodycon Dress,dresses,formal,white,wedding,knit,8500,white formal Bodycon Dress for wedding. Made from knit. Suitable for formal looks and wedding occasions.
P0967,Pleated Skirt,bottoms,elegant,green,travel,satin,8800,green elegant Pleated Skirt for travel. Made from satin. Suitable for elegant looks and travel occasions.
P0968,Satin Top,tops,formal,blue,date,denim,1500,blue formal Satin Top for date. Made from denim. Suitable for formal looks and date occasions.
P0969,Saree,ethnic,traditional,navy,travel,knit,700,navy traditional Saree for travel. Made from knit. Suitable for traditional looks and travel occasions.
P0970,Wrap Dress,dresses,minimal,red,college,knit,2900,red minimal Wrap Dress for college. Made from knit. Suitable for minimal looks and college occasions.
P0971,Blouse,tops,streetwear,green,everyday,silk,1100,green streetwear Blouse for everyday. Made from silk. Suitable for streetwear looks and everyday occasions.
P0972,Tote Bag,accessories,trendy,beige,everyday,knit,7500,beige trendy Tote Bag for everyday. Made from knit. Suitable for trendy looks and everyday occasions.
P0973,Sharara Set,ethnic,streetwear,red,college,knit,7300,red streetwear Sharara Set for college. Made from knit. Suitable for streetwear looks and college occasions.
P0974,Lehenga,ethnic,formal,green,college,linen,8000,green formal Lehenga for college. Made from linen. Suitable for formal looks and college occasions.
P0975,Clutch,accessories,streetwear,green,office,linen,4200,green streetwear Clutch for office. Made from linen. Suitable for streetwear looks and office occasions.
P0976,Wrap Dress,dresses,trendy,navy,party,satin,8400,navy trendy Wrap Dress for party. Made from satin. Suitable for trendy looks and party occasions.
P0977,Straight Jeans,bottoms,traditional,white,date,polyester,4700,white traditional Straight Jeans for date. Made from polyester. Suitable for traditional looks and date occasions.
P0978,Shoulder Bag,accessories,minimal,red,office,silk,3700,red minimal Shoulder Bag for office. Made from silk. Suitable for minimal looks and office occasions.
P0979,Sharara Set,ethnic,streetwear,pink,wedding,satin,4500,pink streetwear Sharara Set for wedding. Made from satin. Suitable for streetwear looks and wedding occasions.
P0980,Satin Top,tops,minimal,black,wedding,cotton,6300,black minimal Satin Top for wedding. Made from cotton. Suitable for minimal looks and wedding occasions.
P0981,Block Heels,shoes,streetwear,brown,party,linen,5000,brown streetwear Block Heels for party. Made from linen. Suitable for streetwear looks and party occasions.
P0982,Palazzo Pants,bottoms,streetwear,green,party,knit,1900,green streetwear Palazzo Pants for party. Made from knit. Suitable for streetwear looks and party occasions.
P0983,Sneakers,shoes,casual,black,everyday,silk,9800,black casual Sneakers for everyday. Made from silk. Suitable for casual looks and everyday occasions.
P0984,Block Heels,shoes,elegant,pink,college,polyester,8300,pink elegant Block Heels for college. Made from polyester. Suitable for elegant looks and college occasions.
P0985,Wrap Dress,dresses,trendy,black,office,satin,9100,black trendy Wrap Dress for office. Made from satin. Suitable for trendy looks and office occasions.
P0986,Clutch,accessories,elegant,lavender,date,polyester,3300,lavender elegant Clutch for date. Made from polyester. Suitable for elegant looks and date occasions.
P0987,Kurta Set,ethnic,casual,pink,date,satin,4700,pink casual Kurta Set for date. Made from satin. Suitable for casual looks and date occasions.
P0988,Wide Leg Trousers,bottoms,minimal,beige,party,denim,2100,beige minimal Wide Leg Trousers for party. Made from denim. Suitable for minimal looks and party occasions.
P0989,Shirt Dress,dresses,traditional,navy,office,linen,7600,navy traditional Shirt Dress for office. Made from linen. Suitable for traditional looks and office occasions.
P0990,Lehenga,ethnic,minimal,pink,party,polyester,4300,pink minimal Lehenga for party. Made from polyester. Suitable for minimal looks and party occasions.
P0991,Sneakers,shoes,casual,white,date,satin,5000,white casual Sneakers for date. Made from satin. Suitable for casual looks and date occasions.
P0992,Flats,shoes,elegant,beige,college,silk,9300,beige elegant Flats for college. Made from silk. Suitable for elegant looks and college occasions.
P0993,Midi Dress,dresses,trendy,black,office,silk,5700,black trendy Midi Dress for office. Made from silk. Suitable for trendy looks and office occasions.
P0994,Oversized Shirt,tops,traditional,brown,travel,denim,4900,brown traditional Oversized Shirt for travel. Made from denim. Suitable for traditional looks and travel occasions.
P0995,Oversized Shirt,tops,elegant,brown,party,cotton,9600,brown elegant Oversized Shirt for party. Made from cotton. Suitable for elegant looks and party occasions.
P0996,Wide Leg Trousers,bottoms,trendy,pink,everyday,silk,3600,pink trendy Wide Leg Trousers for everyday. Made from silk. Suitable for trendy looks and everyday occasions.
P0997,Crop Top,tops,streetwear,lavender,date,denim,5700,lavender streetwear Crop Top for date. Made from denim. Suitable for streetwear looks and date occasions.
P0998,Blouse,tops,streetwear,green,everyday,silk,1000,green streetwear Blouse for everyday. Made from silk. Suitable for streetwear looks and everyday occasions.
P0999,Bodycon Dress,dresses,elegant,green,everyday,silk,2800,green elegant Bodycon Dress for everyday. Made from silk. Suitable for elegant looks and everyday occasions.
P1000,Saree,ethnic,traditional,lavender,party,satin,2000,lavender traditional Saree for party. Made from satin. Suitable for traditional looks and party occasions.
P1001,Wide Leg Trousers,bottoms,minimal,navy,office,knit,4500,navy minimal Wide Leg Trousers for office. Made from knit. Suitable for minimal looks and office occasions.
P1002,Flats,shoes,trendy,lavender,festive,linen,8600,lavender trendy Flats for festive. Made from linen. Suitable for trendy looks and festive occasions.
P1003,Oversized Shirt,tops,casual,brown,festive,cotton,5000,brown casual Oversized Shirt for festive. Made from cotton. Suitable for casual looks and festive occasions.
P1004,Oversized Shirt,tops,trendy,red,travel,satin,9500,red trendy Oversized Shirt for travel. Made from satin. Suitable for trendy looks and travel occasions.
P1005,Crop Top,tops,formal,white,everyday,cotton,8200,white formal Crop Top for everyday. Made from cotton. Suitable for formal looks and everyday occasions.
P1006,Flats,shoes,minimal,navy,office,knit,6300,navy minimal Flats for office. Made from knit. Suitable for minimal looks and office occasions.
P1007,Blouse,tops,trendy,white,office,polyester,8300,white trendy Blouse for office. Made from polyester. Suitable for trendy looks and office occasions.
P1008,Palazzo Pants,bottoms,trendy,black,office,linen,2400,black trendy Palazzo Pants for office. Made from linen. Suitable for trendy looks and office occasions.
P1009,Block Heels,shoes,streetwear,beige,party,silk,7500,beige streetwear Block Heels for party. Made from silk. Suitable for streetwear looks and party occasions.
P1010,Sharara Set,ethnic,traditional,lavender,everyday,linen,3300,lavender traditional Sharara Set for everyday. Made from linen. Suitable for traditional looks and everyday occasions.
P1011,Clutch,accessories,minimal,lavender,date,silk,9800,lavender minimal Clutch for date. Made from silk. Suitable for minimal looks and date occasions.
P1012,Anarkali,ethnic,traditional,black,festive,knit,2300,black traditional Anarkali for festive. Made from knit. Suitable for traditional looks and festive occasions.
P1013,Anarkali,ethnic,minimal,navy,college,cotton,9700,navy minimal Anarkali for college. Made from cotton. Suitable for minimal looks and college occasions.
P1014,Loafers,shoes,elegant,pink,college,linen,6200,pink elegant Loafers for college. Made from linen. Suitable for elegant looks and college occasions.
P1015,Watch,accessories,trendy,green,festive,silk,5500,green trendy Watch for festive. Made from silk. Suitable for trendy looks and festive occasions.
P1016,Straight Jeans,bottoms,formal,beige,everyday,linen,3100,beige formal Straight Jeans for everyday. Made from linen. Suitable for formal looks and everyday occasions.
P1017,Flats,shoes,streetwear,green,festive,linen,4300,green streetwear Flats for festive. Made from linen. Suitable for streetwear looks and festive occasions.
P1018,Tote Bag,accessories,casual,black,office,polyester,900,black casual Tote Bag for office. Made from polyester. Suitable for casual looks and office occasions.
P1019,Knit Top,tops,formal,red,party,cotton,2400,red formal Knit Top for party. Made from cotton. Suitable for formal looks and party occasions.
P1020,Statement Earrings,accessories,streetwear,brown,festive,satin,3000,brown streetwear Statement Earrings for festive. Made from satin. Suitable for streetwear looks and festive occasions.
P1021,Pleated Skirt,bottoms,traditional,brown,festive,denim,3500,brown traditional Pleated Skirt for festive. Made from denim. Suitable for traditional looks and festive occasions.
P1022,Knit Top,tops,traditional,black,everyday,knit,3700,black traditional Knit Top for everyday. Made from knit. Suitable for traditional looks and everyday occasions.
P1023,Watch,accessories,minimal,red,travel,cotton,1100,red minimal Watch for travel. Made from cotton. Suitable for minimal looks and travel occasions.
P1024,Flats,shoes,formal,green,office,satin,6800,green formal Flats for office. Made from satin. Suitable for formal looks and office occasions.
P1025,Shoulder Bag,accessories,casual,navy,date,silk,7300,navy casual Shoulder Bag for date. Made from silk. Suitable for casual looks and date occasions.
P1026,Shirt Dress,dresses,traditional,white,wedding,silk,8700,white traditional Shirt Dress for wedding. Made from silk. Suitable for traditional looks and wedding occasions.
P1027,Shoulder Bag,accessories,formal,navy,date,satin,1300,navy formal Shoulder Bag for date. Made from satin. Suitable for formal looks and date occasions.
P1028,Lehenga,ethnic,streetwear,black,everyday,silk,7200,black streetwear Lehenga for everyday. Made from silk. Suitable for streetwear looks and everyday occasions.
P1029,Palazzo Pants,bottoms,trendy,green,date,denim,2800,green trendy Palazzo Pants for date. Made from denim. Suitable for trendy looks and date occasions.
P1030,Shirt Dress,dresses,formal,pink,date,cotton,8700,pink formal Shirt Dress for date. Made from cotton. Suitable for formal looks and date occasions.
P1031,Straight Jeans,bottoms,traditional,black,date,knit,8600,black traditional Straight Jeans for date. Made from knit. Suitable for traditional looks and date occasions.
P1032,Wrap Dress,dresses,trendy,white,party,satin,1600,white trendy Wrap Dress for party. Made from satin. Suitable for trendy looks and party occasions.
P1033,Saree,ethnic,casual,lavender,date,denim,3900,lavender casual Saree for date. Made from denim. Suitable for casual looks and date occasions.
P1034,Midi Dress,dresses,traditional,beige,party,polyester,6400,beige traditional Midi Dress for party. Made from polyester. Suitable for traditional looks and party occasions.
P1035,Kurta Set,ethnic,minimal,blue,everyday,linen,7400,blue minimal Kurta Set for everyday. Made from linen. Suitable for minimal looks and everyday occasions.
P1036,Wrap Dress,dresses,elegant,beige,party,knit,7000,beige elegant Wrap Dress for party. Made from knit. Suitable for elegant looks and party occasions.
P1037,Pleated Skirt,bottoms,casual,brown,party,linen,8000,brown casual Pleated Skirt for party. Made from linen. Suitable for casual looks and party occasions.
P1038,Clutch,accessories,elegant,pink,office,cotton,2800,pink elegant Clutch for office. Made from cotton. Suitable for elegant looks and office occasions.
P1039,Pleated Skirt,bottoms,trendy,pink,everyday,polyester,7500,pink trendy Pleated Skirt for everyday. Made from polyester. Suitable for trendy looks and everyday occasions.
P1040,Knit Top,tops,formal,red,everyday,denim,2500,red formal Knit Top for everyday. Made from denim. Suitable for formal looks and everyday occasions.
P1041,Flats,shoes,elegant,pink,everyday,silk,9300,pink elegant Flats for everyday. Made from silk. Suitable for elegant looks and everyday occasions.
P1042,Lehenga,ethnic,formal,black,office,satin,8800,black formal Lehenga for office. Made from satin. Suitable for formal looks and office occasions.
P1043,Sharara Set,ethnic,traditional,pink,travel,denim,4100,pink traditional Sharara Set for travel. Made from denim. Suitable for traditional looks and travel occasions.
P1044,Wrap Dress,dresses,formal,lavender,festive,silk,9300,lavender formal Wrap Dress for festive. Made from silk. Suitable for formal looks and festive occasions.
P1045,Tote Bag,accessories,formal,lavender,wedding,satin,5000,lavender formal Tote Bag for wedding. Made from satin. Suitable for formal looks and wedding occasions.
P1046,Tote Bag,accessories,minimal,navy,college,polyester,800,navy minimal Tote Bag for college. Made from polyester. Suitable for minimal looks and college occasions.
P1047,Midi Dress,dresses,trendy,white,office,polyester,6400,white trendy Midi Dress for office. Made from polyester. Suitable for trendy looks and office occasions.
P1048,Kurta Set,ethnic,formal,pink,date,linen,1100,pink formal Kurta Set for date. Made from linen. Suitable for formal looks and date occasions.
P1049,Shirt Dress,dresses,elegant,black,wedding,satin,8800,black elegant Shirt Dress for wedding. Made from satin. Suitable for elegant looks and wedding occasions.
P1050,Midi Dress,dresses,elegant,lavender,party,silk,9100,lavender elegant Midi Dress for party. Made from silk. Suitable for elegant looks and party occasions.
P1051,Watch,accessories,streetwear,beige,office,polyester,3000,beige streetwear Watch for office. Made from polyester. Suitable for streetwear looks and office occasions.
P1052,Saree,ethnic,trendy,white,everyday,denim,6100,white trendy Saree for everyday. Made from denim. Suitable for trendy looks and everyday occasions.
P1053,Clutch,accessories,minimal,beige,office,denim,1400,beige minimal Clutch for office. Made from denim. Suitable for minimal looks and office occasions.
P1054,Pleated Skirt,bottoms,minimal,black,date,knit,4000,black minimal Pleated Skirt for date. Made from knit. Suitable for minimal looks and date occasions.
P1055,Knit Top,tops,elegant,brown,wedding,satin,5700,brown elegant Knit Top for wedding. Made from satin. Suitable for elegant looks and wedding occasions.
P1056,Knit Top,tops,elegant,beige,festive,linen,8500,beige elegant Knit Top for festive. Made from linen. Suitable for elegant looks and festive occasions.
P1057,Shoulder Bag,accessories,trendy,pink,office,cotton,1600,pink trendy Shoulder Bag for office. Made from cotton. Suitable for trendy looks and office occasions.
P1058,Shirt Dress,dresses,formal,pink,everyday,cotton,7000,pink formal Shirt Dress for everyday. Made from cotton. Suitable for formal looks and everyday occasions.
P1059,Satin Top,tops,elegant,red,date,linen,9600,red elegant Satin Top for date. Made from linen. Suitable for elegant looks and date occasions.
P1060,Sharara Set,ethnic,traditional,black,everyday,silk,6200,black traditional Sharara Set for everyday. Made from silk. Suitable for traditional looks and everyday occasions.
P1061,Wide Leg Trousers,bottoms,traditional,blue,college,silk,9500,blue traditional Wide Leg Trousers for college. Made from silk. Suitable for traditional looks and college occasions.
P1062,Wide Leg Trousers,bottoms,traditional,navy,travel,denim,9400,navy traditional Wide Leg Trousers for travel. Made from denim. Suitable for traditional looks and travel occasions.
P1063,Sharara Set,ethnic,elegant,white,travel,satin,5000,white elegant Sharara Set for travel. Made from satin. Suitable for elegant looks and travel occasions.
P1064,Bodycon Dress,dresses,streetwear,pink,wedding,linen,7700,pink streetwear Bodycon Dress for wedding. Made from linen. Suitable for streetwear looks and wedding occasions.
P1065,Bodycon Dress,dresses,formal,blue,date,polyester,5600,blue formal Bodycon Dress for date. Made from polyester. Suitable for formal looks and date occasions.
P1066,Wrap Dress,dresses,trendy,white,everyday,polyester,3100,white trendy Wrap Dress for everyday. Made from polyester. Suitable for trendy looks and everyday occasions.
P1067,Satin Top,tops,casual,black,wedding,silk,5600,black casual Satin Top for wedding. Made from silk. Suitable for casual looks and wedding occasions.
P1068,Shirt Dress,dresses,formal,pink,everyday,satin,6400,pink formal Shirt Dress for everyday. Made from satin. Suitable for formal looks and everyday occasions.
P1069,Midi Dress,dresses,minimal,black,travel,knit,9900,black minimal Midi Dress for travel. Made from knit. Suitable for minimal looks and travel occasions.
P1070,Bodycon Dress,dresses,elegant,blue,everyday,polyester,7500,blue elegant Bodycon Dress for everyday. Made from polyester. Suitable for elegant looks and everyday occasions.
P1071,Oversized Shirt,tops,casual,white,college,polyester,2500,white casual Oversized Shirt for college. Made from polyester. Suitable for casual looks and college occasions.
P1072,Wide Leg Trousers,bottoms,trendy,lavender,college,linen,9600,lavender trendy Wide Leg Trousers for college. Made from linen. Suitable for trendy looks and college occasions.
P1073,Tote Bag,accessories,elegant,beige,college,denim,1900,beige elegant Tote Bag for college. Made from denim. Suitable for elegant looks and college occasions.
P1074,Straight Jeans,bottoms,streetwear,lavender,office,knit,2000,lavender streetwear Straight Jeans for office. Made from knit. Suitable for streetwear looks and office occasions.
P1075,Bodycon Dress,dresses,traditional,lavender,wedding,cotton,3200,lavender traditional Bodycon Dress for wedding. Made from cotton. Suitable for traditional looks and wedding occasions.
P1076,Palazzo Pants,bottoms,streetwear,red,travel,cotton,9400,red streetwear Palazzo Pants for travel. Made from cotton. Suitable for streetwear looks and travel occasions.
P1077,Sandals,shoes,casual,green,wedding,knit,1200,green casual Sandals for wedding. Made from knit. Suitable for casual looks and wedding occasions.
P1078,Sneakers,shoes,minimal,white,office,denim,2500,white minimal Sneakers for office. Made from denim. Suitable for minimal looks and office occasions.
P1079,Straight Jeans,bottoms,formal,green,party,silk,3800,green formal Straight Jeans for party. Made from silk. Suitable for formal looks and party occasions.
P1080,Block Heels,shoes,casual,white,festive,knit,2700,white casual Block Heels for festive. Made from knit. Suitable for casual looks and festive occasions.
P1081,Bodycon Dress,dresses,elegant,black,college,linen,1800,black elegant Bodycon Dress for college. Made from linen. Suitable for elegant looks and college occasions.
P1082,Watch,accessories,minimal,red,everyday,polyester,2300,red minimal Watch for everyday. Made from polyester. Suitable for minimal looks and everyday occasions.
P1083,Crop Top,tops,formal,pink,everyday,silk,3700,pink formal Crop Top for everyday. Made from silk. Suitable for formal looks and everyday occasions.
P1084,Oversized Shirt,tops,formal,black,party,polyester,7000,black formal Oversized Shirt for party. Made from polyester. Suitable for formal looks and party occasions.
P1085,Block Heels,shoes,formal,pink,travel,silk,700,pink formal Block Heels for travel. Made from silk. Suitable for formal looks and travel occasions.
P1086,Sneakers,shoes,casual,white,office,satin,5300,white casual Sneakers for office. Made from satin. Suitable for casual looks and office occasions.
P1087,Sandals,shoes,casual,brown,wedding,denim,1300,brown casual Sandals for wedding. Made from denim. Suitable for casual looks and wedding occasions.
P1088,Satin Top,tops,streetwear,beige,everyday,silk,2900,beige streetwear Satin Top for everyday. Made from silk. Suitable for streetwear looks and everyday occasions.
P1089,Satin Top,tops,elegant,green,date,linen,6200,green elegant Satin Top for date. Made from linen. Suitable for elegant looks and date occasions.
P1090,Saree,ethnic,traditional,brown,college,cotton,1300,brown traditional Saree for college. Made from cotton. Suitable for traditional looks and college occasions.
P1091,Sneakers,shoes,casual,black,everyday,satin,2100,black casual Sneakers for everyday. Made from satin. Suitable for casual looks and everyday occasions.
P1092,Maxi Dress,dresses,formal,brown,travel,silk,3200,brown formal Maxi Dress for travel. Made from silk. Suitable for formal looks and travel occasions.
P1093,Clutch,accessories,casual,white,travel,linen,1900,white casual Clutch for travel. Made from linen. Suitable for casual looks and travel occasions.
P1094,Knit Top,tops,streetwear,blue,festive,linen,1600,blue streetwear Knit Top for festive. Made from linen. Suitable for streetwear looks and festive occasions.
P1095,Pleated Skirt,bottoms,elegant,red,party,linen,8500,red elegant Pleated Skirt for party. Made from linen. Suitable for elegant looks and party occasions.
P1096,Straight Jeans,bottoms,trendy,green,party,silk,9900,green trendy Straight Jeans for party. Made from silk. Suitable for trendy looks and party occasions.
P1097,Blouse,tops,minimal,blue,travel,linen,1100,blue minimal Blouse for travel. Made from linen. Suitable for minimal looks and travel occasions.
P1098,Watch,accessories,elegant,pink,party,cotton,6600,pink elegant Watch for party. Made from cotton. Suitable for elegant looks and party occasions.
P1099,Pleated Skirt,bottoms,casual,green,wedding,denim,8400,green casual Pleated Skirt for wedding. Made from denim. Suitable for casual looks and wedding occasions.
P1100,Oversized Shirt,tops,casual,lavender,wedding,cotton,5900,lavender casual Oversized Shirt for wedding. Made from cotton. Suitable for casual looks and wedding occasions.
P1101,Flats,shoes,streetwear,blue,everyday,knit,6600,blue streetwear Flats for everyday. Made from knit. Suitable for streetwear looks and everyday occasions.
P1102,Anarkali,ethnic,formal,red,wedding,linen,4800,red formal Anarkali for wedding. Made from linen. Suitable for formal looks and wedding occasions.
P1103,Straight Jeans,bottoms,traditional,beige,college,silk,1200,beige traditional Straight Jeans for college. Made from silk. Suitable for traditional looks and college occasions.
P1104,Bodycon Dress,dresses,formal,navy,college,silk,7400,navy formal Bodycon Dress for college. Made from silk. Suitable for formal looks and college occasions.
P1105,Pleated Skirt,bottoms,streetwear,white,everyday,silk,3700,white streetwear Pleated Skirt for everyday. Made from silk. Suitable for streetwear looks and everyday occasions.
P1106,Shirt Dress,dresses,streetwear,black,festive,linen,2300,black streetwear Shirt Dress for festive. Made from linen. Suitable for streetwear looks and festive occasions.
P1107,Saree,ethnic,casual,white,college,silk,9200,white casual Saree for college. Made from silk. Suitable for casual looks and college occasions.
P1108,Kurta Set,ethnic,formal,brown,college,silk,6600,brown formal Kurta Set for college. Made from silk. Suitable for formal looks and college occasions.
P1109,Knit Top,tops,casual,green,everyday,polyester,8800,green casual Knit Top for everyday. Made from polyester. Suitable for casual looks and everyday occasions.
P1110,Midi Dress,dresses,trendy,green,college,denim,6100,green trendy Midi Dress for college. Made from denim. Suitable for trendy looks and college occasions.
P1111,Lehenga,ethnic,traditional,lavender,wedding,knit,9400,lavender traditional Lehenga for wedding. Made from knit. Suitable for traditional looks and wedding occasions.
P1112,Shirt Dress,dresses,minimal,black,travel,cotton,2100,black minimal Shirt Dress for travel. Made from cotton. Suitable for minimal looks and travel occasions.
P1113,Palazzo Pants,bottoms,trendy,lavender,college,denim,5300,lavender trendy Palazzo Pants for college. Made from denim. Suitable for trendy looks and college occasions.
P1114,Oversized Shirt,tops,formal,white,wedding,linen,4900,white formal Oversized Shirt for wedding. Made from linen. Suitable for formal looks and wedding occasions.
P1115,Oversized Shirt,tops,elegant,brown,wedding,knit,3500,brown elegant Oversized Shirt for wedding. Made from knit. Suitable for elegant looks and wedding occasions.
P1116,Saree,ethnic,minimal,navy,festive,denim,1300,navy minimal Saree for festive. Made from denim. Suitable for minimal looks and festive occasions.
P1117,Wrap Dress,dresses,minimal,brown,everyday,satin,7400,brown minimal Wrap Dress for everyday. Made from satin. Suitable for minimal looks and everyday occasions.
P1118,Bodycon Dress,dresses,formal,navy,date,silk,8600,navy formal Bodycon Dress for date. Made from silk. Suitable for formal looks and date occasions.
P1119,Anarkali,ethnic,casual,brown,office,cotton,5700,brown casual Anarkali for office. Made from cotton. Suitable for casual looks and office occasions.
P1120,Blouse,tops,elegant,white,party,denim,2100,white elegant Blouse for party. Made from denim. Suitable for elegant looks and party occasions.
P1121,Tote Bag,accessories,trendy,beige,wedding,satin,8700,beige trendy Tote Bag for wedding. Made from satin. Suitable for trendy looks and wedding occasions.
P1122,Wrap Dress,dresses,trendy,navy,party,silk,5100,navy trendy Wrap Dress for party. Made from silk. Suitable for trendy looks and party occasions.
P1123,Pleated Skirt,bottoms,formal,black,date,linen,1500,black formal Pleated Skirt for date. Made from linen. Suitable for formal looks and date occasions.
P1124,Maxi Dress,dresses,streetwear,navy,travel,silk,8100,navy streetwear Maxi Dress for travel. Made from silk. Suitable for streetwear looks and travel occasions.
P1125,Saree,ethnic,trendy,lavender,everyday,silk,4500,lavender trendy Saree for everyday. Made from silk. Suitable for trendy looks and everyday occasions.
P1126,Sneakers,shoes,streetwear,pink,party,knit,4000,pink streetwear Sneakers for party. Made from knit. Suitable for streetwear looks and party occasions.
P1127,Knit Top,tops,minimal,pink,college,linen,5200,pink minimal Knit Top for college. Made from linen. Suitable for minimal looks and college occasions.
P1128,Sharara Set,ethnic,casual,lavender,party,polyester,7500,lavender casual Sharara Set for party. Made from polyester. Suitable for casual looks and party occasions.
P1129,Kurta Set,ethnic,casual,beige,party,linen,2100,beige casual Kurta Set for party. Made from linen. Suitable for casual looks and party occasions.
P1130,Wrap Dress,dresses,traditional,beige,everyday,denim,5400,beige traditional Wrap Dress for everyday. Made from denim. Suitable for traditional looks and everyday occasions.
P1131,Crop Top,tops,traditional,black,travel,denim,2500,black traditional Crop Top for travel. Made from denim. Suitable for traditional looks and travel occasions.
P1132,Sharara Set,ethnic,traditional,beige,date,cotton,1000,beige traditional Sharara Set for date. Made from cotton. Suitable for traditional looks and date occasions.
P1133,Pleated Skirt,bottoms,streetwear,beige,everyday,denim,2600,beige streetwear Pleated Skirt for everyday. Made from denim. Suitable for streetwear looks and everyday occasions.
P1134,Shirt Dress,dresses,traditional,green,date,silk,4400,green traditional Shirt Dress for date. Made from silk. Suitable for traditional looks and date occasions.
P1135,Sneakers,shoes,streetwear,lavender,everyday,denim,9500,lavender streetwear Sneakers for everyday. Made from denim. Suitable for streetwear looks and everyday occasions.
P1136,Bodycon Dress,dresses,elegant,beige,office,denim,1000,beige elegant Bodycon Dress for office. Made from denim. Suitable for elegant looks and office occasions.
P1137,Straight Jeans,bottoms,trendy,green,office,denim,1400,green trendy Straight Jeans for office. Made from denim. Suitable for trendy looks and office occasions.
P1138,Sneakers,shoes,traditional,navy,wedding,knit,4200,navy traditional Sneakers for wedding. Made from knit. Suitable for traditional looks and wedding occasions.
P1139,Satin Top,tops,elegant,navy,everyday,polyester,9200,navy elegant Satin Top for everyday. Made from polyester. Suitable for elegant looks and everyday occasions.
P1140,Shirt Dress,dresses,trendy,blue,everyday,denim,8400,blue trendy Shirt Dress for everyday. Made from denim. Suitable for trendy looks and everyday occasions.
P1141,Sandals,shoes,elegant,green,festive,linen,9800,green elegant Sandals for festive. Made from linen. Suitable for elegant looks and festive occasions.
P1142,Palazzo Pants,bottoms,trendy,green,college,denim,5100,green trendy Palazzo Pants for college. Made from denim. Suitable for trendy looks and college occasions.
P1143,Saree,ethnic,trendy,navy,office,linen,6300,navy trendy Saree for office. Made from linen. Suitable for trendy looks and office occasions.
P1144,Statement Earrings,accessories,streetwear,brown,date,linen,6100,brown streetwear Statement Earrings for date. Made from linen. Suitable for streetwear looks and date occasions.
P1145,Statement Earrings,accessories,casual,lavender,office,linen,3300,lavender casual Statement Earrings for office. Made from linen. Suitable for casual looks and office occasions.
P1146,Sharara Set,ethnic,streetwear,navy,travel,cotton,8200,navy streetwear Sharara Set for travel. Made from cotton. Suitable for streetwear looks and travel occasions.
P1147,Wide Leg Trousers,bottoms,elegant,red,date,silk,2900,red elegant Wide Leg Trousers for date. Made from silk. Suitable for elegant looks and date occasions.
P1148,Flats,shoes,formal,lavender,party,linen,3000,lavender formal Flats for party. Made from linen. Suitable for formal looks and party occasions.
P1149,Palazzo Pants,bottoms,traditional,brown,college,knit,4500,brown traditional Palazzo Pants for college. Made from knit. Suitable for traditional looks and college occasions.
P1150,Loafers,shoes,trendy,navy,everyday,linen,1000,navy trendy Loafers for everyday. Made from linen. Suitable for trendy looks and everyday occasions.
P1151,Maxi Dress,dresses,minimal,pink,everyday,cotton,9000,pink minimal Maxi Dress for everyday. Made from cotton. Suitable for minimal looks and everyday occasions.
P1152,Clutch,accessories,trendy,beige,everyday,polyester,8900,beige trendy Clutch for everyday. Made from polyester. Suitable for trendy looks and everyday occasions.
P1153,Satin Top,tops,elegant,pink,everyday,cotton,8300,pink elegant Satin Top for everyday. Made from cotton. Suitable for elegant looks and everyday occasions.
P1154,Clutch,accessories,traditional,brown,festive,knit,4000,brown traditional Clutch for festive. Made from knit. Suitable for traditional looks and festive occasions.
P1155,Statement Earrings,accessories,formal,white,travel,satin,8000,white formal Statement Earrings for travel. Made from satin. Suitable for formal looks and travel occasions.
P1156,Wrap Dress,dresses,casual,lavender,college,linen,4700,lavender casual Wrap Dress for college. Made from linen. Suitable for casual looks and college occasions.
P1157,Straight Jeans,bottoms,minimal,beige,college,denim,5300,beige minimal Straight Jeans for college. Made from denim. Suitable for minimal looks and college occasions.
P1158,Palazzo Pants,bottoms,elegant,pink,date,satin,8800,pink elegant Palazzo Pants for date. Made from satin. Suitable for elegant looks and date occasions.
P1159,Shirt Dress,dresses,casual,beige,office,satin,2800,beige casual Shirt Dress for office. Made from satin. Suitable for casual looks and office occasions.
P1160,Loafers,shoes,streetwear,green,date,denim,9400,green streetwear Loafers for date. Made from denim. Suitable for streetwear looks and date occasions.
P1161,Clutch,accessories,elegant,navy,travel,knit,2500,navy elegant Clutch for travel. Made from knit. Suitable for elegant looks and travel occasions.
P1162,Maxi Dress,dresses,traditional,pink,travel,knit,6900,pink traditional Maxi Dress for travel. Made from knit. Suitable for traditional looks and travel occasions.
P1163,Palazzo Pants,bottoms,casual,white,wedding,linen,7100,white casual Palazzo Pants for wedding. Made from linen. Suitable for casual looks and wedding occasions.
P1164,Crop Top,tops,streetwear,navy,office,silk,6500,navy streetwear Crop Top for office. Made from silk. Suitable for streetwear looks and office occasions.
P1165,Midi Dress,dresses,streetwear,beige,college,silk,5100,beige streetwear Midi Dress for college. Made from silk. Suitable for streetwear looks and college occasions.
P1166,Saree,ethnic,casual,brown,travel,linen,9700,brown casual Saree for travel. Made from linen. Suitable for casual looks and travel occasions.
P1167,Anarkali,ethnic,formal,white,wedding,linen,9500,white formal Anarkali for wedding. Made from linen. Suitable for formal looks and wedding occasions.
P1168,Crop Top,tops,minimal,beige,wedding,linen,1700,beige minimal Crop Top for wedding. Made from linen. Suitable for minimal looks and wedding occasions.
P1169,Wide Leg Trousers,bottoms,elegant,black,everyday,knit,6200,black elegant Wide Leg Trousers for everyday. Made from knit. Suitable for elegant looks and everyday occasions.
P1170,Maxi Dress,dresses,elegant,black,college,silk,2200,black elegant Maxi Dress for college. Made from silk. Suitable for elegant looks and college occasions.
P1171,Anarkali,ethnic,elegant,pink,college,knit,1900,pink elegant Anarkali for college. Made from knit. Suitable for elegant looks and college occasions.
P1172,Shirt Dress,dresses,casual,lavender,wedding,linen,9200,lavender casual Shirt Dress for wedding. Made from linen. Suitable for casual looks and wedding occasions.
P1173,Anarkali,ethnic,elegant,beige,date,satin,5100,beige elegant Anarkali for date. Made from satin. Suitable for elegant looks and date occasions.
P1174,Kurta Set,ethnic,streetwear,navy,wedding,satin,7900,navy streetwear Kurta Set for wedding. Made from satin. Suitable for streetwear looks and wedding occasions.
P1175,Midi Dress,dresses,streetwear,lavender,college,satin,3400,lavender streetwear Midi Dress for college. Made from satin. Suitable for streetwear looks and college occasions.
P1176,Tote Bag,accessories,minimal,beige,college,polyester,1900,beige minimal Tote Bag for college. Made from polyester. Suitable for minimal looks and college occasions.
P1177,Oversized Shirt,tops,streetwear,brown,travel,polyester,8200,brown streetwear Oversized Shirt for travel. Made from polyester. Suitable for streetwear looks and travel occasions.
P1178,Knit Top,tops,formal,white,party,knit,5200,white formal Knit Top for party. Made from knit. Suitable for formal looks and party occasions.
P1179,Pleated Skirt,bottoms,casual,navy,wedding,silk,2100,navy casual Pleated Skirt for wedding. Made from silk. Suitable for casual looks and wedding occasions.
P1180,Anarkali,ethnic,trendy,white,party,silk,5300,white trendy Anarkali for party. Made from silk. Suitable for trendy looks and party occasions.
P1181,Clutch,accessories,traditional,black,office,denim,7000,black traditional Clutch for office. Made from denim. Suitable for traditional looks and office occasions.
P1182,Bodycon Dress,dresses,minimal,brown,date,polyester,6300,brown minimal Bodycon Dress for date. Made from polyester. Suitable for minimal looks and date occasions.
P1183,Oversized Shirt,tops,trendy,pink,festive,linen,1500,pink trendy Oversized Shirt for festive. Made from linen. Suitable for trendy looks and festive occasions.
P1184,Palazzo Pants,bottoms,casual,black,everyday,polyester,2000,black casual Palazzo Pants for everyday. Made from polyester. Suitable for casual looks and everyday occasions.
P1185,Pleated Skirt,bottoms,traditional,white,office,linen,5700,white traditional Pleated Skirt for office. Made from linen. Suitable for traditional looks and office occasions.
P1186,Wide Leg Trousers,bottoms,formal,beige,office,denim,3200,beige formal Wide Leg Trousers for office. Made from denim. Suitable for formal looks and office occasions.
P1187,Kurta Set,ethnic,traditional,red,office,linen,6100,red traditional Kurta Set for office. Made from linen. Suitable for traditional looks and office occasions.
P1188,Statement Earrings,accessories,minimal,lavender,date,knit,8900,lavender minimal Statement Earrings for date. Made from knit. Suitable for minimal looks and date occasions.
P1189,Palazzo Pants,bottoms,trendy,lavender,festive,silk,7200,lavender trendy Palazzo Pants for festive. Made from silk. Suitable for trendy looks and festive occasions.
P1190,Kurta Set,ethnic,streetwear,brown,office,cotton,3900,brown streetwear Kurta Set for office. Made from cotton. Suitable for streetwear looks and office occasions.
P1191,Pleated Skirt,bottoms,casual,beige,college,cotton,1300,beige casual Pleated Skirt for college. Made from cotton. Suitable for casual looks and college occasions.
P1192,Bodycon Dress,dresses,formal,black,party,silk,8400,black formal Bodycon Dress for party. Made from silk. Suitable for formal looks and party occasions.
P1193,Clutch,accessories,casual,pink,office,knit,1600,pink casual Clutch for office. Made from knit. Suitable for casual looks and office occasions.
P1194,Watch,accessories,streetwear,brown,everyday,linen,4400,brown streetwear Watch for everyday. Made from linen. Suitable for streetwear looks and everyday occasions.
P1195,Statement Earrings,accessories,trendy,navy,date,satin,5000,navy trendy Statement Earrings for date. Made from satin. Suitable for trendy looks and date occasions.
P1196,Sandals,shoes,elegant,black,festive,cotton,5600,black elegant Sandals for festive. Made from cotton. Suitable for elegant looks and festive occasions.
P1197,Palazzo Pants,bottoms,streetwear,red,everyday,silk,1100,red streetwear Palazzo Pants for everyday. Made from silk. Suitable for streetwear looks and everyday occasions.
P1198,Maxi Dress,dresses,traditional,pink,party,silk,6200,pink traditional Maxi Dress for party. Made from silk. Suitable for traditional looks and party occasions.
P1199,Blouse,tops,formal,red,everyday,knit,2100,red formal Blouse for everyday. Made from knit. Suitable for formal looks and everyday occasions.
P1200,Flats,shoes,formal,navy,everyday,silk,7800,navy formal Flats for everyday. Made from silk. Suitable for formal looks and everyday occasions.
P1201,Oversized Shirt,tops,elegant,red,date,silk,8200,red elegant Oversized Shirt for date. Made from silk. Suitable for elegant looks and date occasions.
P1202,Palazzo Pants,bottoms,streetwear,pink,travel,cotton,1000,pink streetwear Palazzo Pants for travel. Made from cotton. Suitable for streetwear looks and travel occasions.
P1203,Block Heels,shoes,casual,green,travel,knit,8100,green casual Block Heels for travel. Made from knit. Suitable for casual looks and travel occasions.
P1204,Wrap Dress,dresses,trendy,white,festive,denim,5200,white trendy Wrap Dress for festive. Made from denim. Suitable for trendy looks and festive occasions.
P1205,Palazzo Pants,bottoms,elegant,blue,wedding,linen,8900,blue elegant Palazzo Pants for wedding. Made from linen. Suitable for elegant looks and wedding occasions.
P1206,Lehenga,ethnic,elegant,white,date,cotton,5000,white elegant Lehenga for date. Made from cotton. Suitable for elegant looks and date occasions.
P1207,Satin Top,tops,traditional,green,college,silk,9100,green traditional Satin Top for college. Made from silk. Suitable for traditional looks and college occasions.
P1208,Pleated Skirt,bottoms,minimal,black,everyday,satin,900,black minimal Pleated Skirt for everyday. Made from satin. Suitable for minimal looks and everyday occasions.
P1209,Sharara Set,ethnic,traditional,red,travel,satin,1900,red traditional Sharara Set for travel. Made from satin. Suitable for traditional looks and travel occasions.
P1210,Wide Leg Trousers,bottoms,formal,blue,travel,silk,7100,blue formal Wide Leg Trousers for travel. Made from silk. Suitable for formal looks and travel occasions.
P1211,Clutch,accessories,casual,lavender,date,denim,6200,lavender casual Clutch for date. Made from denim. Suitable for casual looks and date occasions.
P1212,Knit Top,tops,formal,white,wedding,denim,4000,white formal Knit Top for wedding. Made from denim. Suitable for formal looks and wedding occasions.
P1213,Wrap Dress,dresses,traditional,red,wedding,satin,1800,red traditional Wrap Dress for wedding. Made from satin. Suitable for traditional looks and wedding occasions.
P1214,Watch,accessories,elegant,lavender,travel,denim,1500,lavender elegant Watch for travel. Made from denim. Suitable for elegant looks and travel occasions.
P1215,Sandals,shoes,trendy,red,wedding,denim,1600,red trendy Sandals for wedding. Made from denim. Suitable for trendy looks and wedding occasions.
P1216,Clutch,accessories,traditional,pink,festive,polyester,7600,pink traditional Clutch for festive. Made from polyester. Suitable for traditional looks and festive occasions.
P1217,Kurta Set,ethnic,trendy,red,date,satin,7200,red trendy Kurta Set for date. Made from satin. Suitable for trendy looks and date occasions.
P1218,Straight Jeans,bottoms,elegant,navy,party,satin,7000,navy elegant Straight Jeans for party. Made from satin. Suitable for elegant looks and party occasions.
P1219,Knit Top,tops,minimal,navy,festive,satin,8700,navy minimal Knit Top for festive. Made from satin. Suitable for minimal looks and festive occasions.
P1220,Shirt Dress,dresses,casual,green,everyday,linen,3700,green casual Shirt Dress for everyday. Made from linen. Suitable for casual looks and everyday occasions.
P1221,Blouse,tops,streetwear,red,festive,denim,1500,red streetwear Blouse for festive. Made from denim. Suitable for streetwear looks and festive occasions.
P1222,Tote Bag,accessories,streetwear,red,date,knit,4300,red streetwear Tote Bag for date. Made from knit. Suitable for streetwear looks and date occasions.
P1223,Tote Bag,accessories,minimal,lavender,wedding,silk,3700,lavender minimal Tote Bag for wedding. Made from silk. Suitable for minimal looks and wedding occasions.
P1224,Maxi Dress,dresses,casual,black,wedding,knit,4600,black casual Maxi Dress for wedding. Made from knit. Suitable for casual looks and wedding occasions.
P1225,Pleated Skirt,bottoms,traditional,red,festive,polyester,1100,red traditional Pleated Skirt for festive. Made from polyester. Suitable for traditional looks and festive occasions.
P1226,Crop Top,tops,minimal,beige,college,denim,4200,beige minimal Crop Top for college. Made from denim. Suitable for minimal looks and college occasions.
P1227,Watch,accessories,casual,black,everyday,knit,900,black casual Watch for everyday. Made from knit. Suitable for casual looks and everyday occasions.
P1228,Midi Dress,dresses,minimal,lavender,date,knit,1500,lavender minimal Midi Dress for date. Made from knit. Suitable for minimal looks and date occasions.
P1229,Palazzo Pants,bottoms,formal,white,festive,knit,9900,white formal Palazzo Pants for festive. Made from knit. Suitable for formal looks and festive occasions.
P1230,Crop Top,tops,elegant,lavender,office,satin,9200,lavender elegant Crop Top for office. Made from satin. Suitable for elegant looks and office occasions.
P1231,Sandals,shoes,minimal,brown,office,linen,8300,brown minimal Sandals for office. Made from linen. Suitable for minimal looks and office occasions.
P1232,Wrap Dress,dresses,minimal,lavender,festive,knit,3700,lavender minimal Wrap Dress for festive. Made from knit. Suitable for minimal looks and festive occasions.
P1233,Straight Jeans,bottoms,casual,white,party,linen,4200,white casual Straight Jeans for party. Made from linen. Suitable for casual looks and party occasions.
P1234,Pleated Skirt,bottoms,minimal,lavender,college,silk,7500,lavender minimal Pleated Skirt for college. Made from silk. Suitable for minimal looks and college occasions.
P1235,Anarkali,ethnic,minimal,navy,festive,silk,9400,navy minimal Anarkali for festive. Made from silk. Suitable for minimal looks and festive occasions.
P1236,Blouse,tops,streetwear,beige,travel,silk,9800,beige streetwear Blouse for travel. Made from silk. Suitable for streetwear looks and travel occasions.
P1237,Saree,ethnic,elegant,lavender,college,knit,9100,lavender elegant Saree for college. Made from knit. Suitable for elegant looks and college occasions.
P1238,Maxi Dress,dresses,minimal,navy,festive,denim,8800,navy minimal Maxi Dress for festive. Made from denim. Suitable for minimal looks and festive occasions.
P1239,Clutch,accessories,streetwear,white,wedding,knit,6300,white streetwear Clutch for wedding. Made from knit. Suitable for streetwear looks and wedding occasions.
P1240,Wide Leg Trousers,bottoms,trendy,pink,date,cotton,3700,pink trendy Wide Leg Trousers for date. Made from cotton. Suitable for trendy looks and date occasions.
P1241,Kurta Set,ethnic,streetwear,beige,everyday,polyester,4700,beige streetwear Kurta Set for everyday. Made from polyester. Suitable for streetwear looks and everyday occasions.
P1242,Statement Earrings,accessories,streetwear,black,date,knit,1700,black streetwear Statement Earrings for date. Made from knit. Suitable for streetwear looks and date occasions.
P1243,Pleated Skirt,bottoms,formal,red,travel,polyester,6100,red formal Pleated Skirt for travel. Made from polyester. Suitable for formal looks and travel occasions.
P1244,Maxi Dress,dresses,formal,pink,office,denim,6000,pink formal Maxi Dress for office. Made from denim. Suitable for formal looks and office occasions.
P1245,Sandals,shoes,formal,green,everyday,polyester,1000,green formal Sandals for everyday. Made from polyester. Suitable for formal looks and everyday occasions.
P1246,Maxi Dress,dresses,formal,brown,party,cotton,5800,brown formal Maxi Dress for party. Made from cotton. Suitable for formal looks and party occasions.
P1247,Blouse,tops,minimal,lavender,office,cotton,2700,lavender minimal Blouse for office. Made from cotton. Suitable for minimal looks and office occasions.
P1248,Oversized Shirt,tops,formal,beige,festive,knit,4700,beige formal Oversized Shirt for festive. Made from knit. Suitable for formal looks and festive occasions.
P1249,Pleated Skirt,bottoms,streetwear,beige,date,linen,9400,beige streetwear Pleated Skirt for date. Made from linen. Suitable for streetwear looks and date occasions.
P1250,Loafers,shoes,streetwear,pink,wedding,cotton,6000,pink streetwear Loafers for wedding. Made from cotton. Suitable for streetwear looks and wedding occasions.
P1251,Kurta Set,ethnic,trendy,red,wedding,cotton,900,red trendy Kurta Set for wedding. Made from cotton. Suitable for trendy looks and wedding occasions.
P1252,Sandals,shoes,formal,blue,office,silk,3200,blue formal Sandals for office. Made from silk. Suitable for formal looks and office occasions.
P1253,Kurta Set,ethnic,elegant,red,festive,satin,4000,red elegant Kurta Set for festive. Made from satin. Suitable for elegant looks and festive occasions.
P1254,Satin Top,tops,minimal,beige,office,cotton,9800,beige minimal Satin Top for office. Made from cotton. Suitable for minimal looks and office occasions.
P1255,Flats,shoes,streetwear,brown,everyday,cotton,3500,brown streetwear Flats for everyday. Made from cotton. Suitable for streetwear looks and everyday occasions.
P1256,Tote Bag,accessories,casual,pink,date,polyester,7000,pink casual Tote Bag for date. Made from polyester. Suitable for casual looks and date occasions.
P1257,Straight Jeans,bottoms,trendy,blue,wedding,knit,4300,blue trendy Straight Jeans for wedding. Made from knit. Suitable for trendy looks and wedding occasions.
P1258,Tote Bag,accessories,trendy,beige,festive,knit,2500,beige trendy Tote Bag for festive. Made from knit. Suitable for trendy looks and festive occasions.
P1259,Wrap Dress,dresses,minimal,blue,everyday,linen,5400,blue minimal Wrap Dress for everyday. Made from linen. Suitable for minimal looks and everyday occasions.
P1260,Flats,shoes,elegant,black,everyday,linen,4800,black elegant Flats for everyday. Made from linen. Suitable for elegant looks and everyday occasions.
P1261,Statement Earrings,accessories,formal,blue,festive,polyester,6100,blue formal Statement Earrings for festive. Made from polyester. Suitable for formal looks and festive occasions.
P1262,Watch,accessories,minimal,white,office,satin,1400,white minimal Watch for office. Made from satin. Suitable for minimal looks and office occasions.
P1263,Wrap Dress,dresses,casual,brown,travel,satin,9200,brown casual Wrap Dress for travel. Made from satin. Suitable for casual looks and travel occasions.
P1264,Block Heels,shoes,elegant,pink,festive,denim,5700,pink elegant Block Heels for festive. Made from denim. Suitable for elegant looks and festive occasions.
P1265,Clutch,accessories,casual,navy,college,satin,2900,navy casual Clutch for college. Made from satin. Suitable for casual looks and college occasions.
P1266,Kurta Set,ethnic,traditional,brown,travel,silk,2300,brown traditional Kurta Set for travel. Made from silk. Suitable for traditional looks and travel occasions.
P1267,Wrap Dress,dresses,formal,navy,festive,linen,4000,navy formal Wrap Dress for festive. Made from linen. Suitable for formal looks and festive occasions.
P1268,Wrap Dress,dresses,elegant,beige,everyday,knit,4200,beige elegant Wrap Dress for everyday. Made from knit. Suitable for elegant looks and everyday occasions.
P1269,Clutch,accessories,trendy,pink,date,satin,4000,pink trendy Clutch for date. Made from satin. Suitable for trendy looks and date occasions.
P1270,Loafers,shoes,trendy,beige,travel,polyester,6900,beige trendy Loafers for travel. Made from polyester. Suitable for trendy looks and travel occasions.
P1271,Oversized Shirt,tops,streetwear,brown,college,linen,2600,brown streetwear Oversized Shirt for college. Made from linen. Suitable for streetwear looks and college occasions.
P1272,Maxi Dress,dresses,casual,black,everyday,denim,2700,black casual Maxi Dress for everyday. Made from denim. Suitable for casual looks and everyday occasions.
P1273,Statement Earrings,accessories,trendy,white,everyday,cotton,6300,white trendy Statement Earrings for everyday. Made from cotton. Suitable for trendy looks and everyday occasions.
P1274,Lehenga,ethnic,trendy,brown,everyday,cotton,9900,brown trendy Lehenga for everyday. Made from cotton. Suitable for trendy looks and everyday occasions.
P1275,Satin Top,tops,minimal,white,wedding,knit,4300,white minimal Satin Top for wedding. Made from knit. Suitable for minimal looks and wedding occasions.
P1276,Crop Top,tops,formal,navy,date,satin,9100,navy formal Crop Top for date. Made from satin. Suitable for formal looks and date occasions.
P1277,Sneakers,shoes,traditional,black,party,silk,1600,black traditional Sneakers for party. Made from silk. Suitable for traditional looks and party occasions.
P1278,Knit Top,tops,formal,white,travel,cotton,4300,white formal Knit Top for travel. Made from cotton. Suitable for formal looks and travel occasions.
P1279,Shoulder Bag,accessories,trendy,green,office,knit,4800,green trendy Shoulder Bag for office. Made from knit. Suitable for trendy looks and office occasions.
P1280,Satin Top,tops,elegant,brown,everyday,silk,8700,brown elegant Satin Top for everyday. Made from silk. Suitable for elegant looks and everyday occasions.
P1281,Lehenga,ethnic,formal,black,travel,cotton,9000,black formal Lehenga for travel. Made from cotton. Suitable for formal looks and travel occasions.
P1282,Flats,shoes,minimal,lavender,party,linen,1300,lavender minimal Flats for party. Made from linen. Suitable for minimal looks and party occasions.
P1283,Clutch,accessories,minimal,black,office,satin,8400,black minimal Clutch for office. Made from satin. Suitable for minimal looks and office occasions.
P1284,Wide Leg Trousers,bottoms,trendy,pink,party,linen,5800,pink trendy Wide Leg Trousers for party. Made from linen. Suitable for trendy looks and party occasions.
P1285,Midi Dress,dresses,streetwear,blue,party,silk,5800,blue streetwear Midi Dress for party. Made from silk. Suitable for streetwear looks and party occasions.
P1286,Kurta Set,ethnic,elegant,pink,everyday,knit,6200,pink elegant Kurta Set for everyday. Made from knit. Suitable for elegant looks and everyday occasions.
P1287,Clutch,accessories,formal,lavender,party,denim,9200,lavender formal Clutch for party. Made from denim. Suitable for formal looks and party occasions.
P1288,Wrap Dress,dresses,traditional,blue,everyday,silk,5600,blue traditional Wrap Dress for everyday. Made from silk. Suitable for traditional looks and everyday occasions.
P1289,Palazzo Pants,bottoms,traditional,lavender,festive,cotton,6100,lavender traditional Palazzo Pants for festive. Made from cotton. Suitable for traditional looks and festive occasions.
P1290,Lehenga,ethnic,casual,red,festive,cotton,1200,red casual Lehenga for festive. Made from cotton. Suitable for casual looks and festive occasions.
P1291,Loafers,shoes,trendy,blue,party,silk,7400,blue trendy Loafers for party. Made from silk. Suitable for trendy looks and party occasions.
P1292,Watch,accessories,elegant,pink,everyday,silk,1700,pink elegant Watch for everyday. Made from silk. Suitable for elegant looks and everyday occasions.
P1293,Palazzo Pants,bottoms,casual,beige,date,knit,3800,beige casual Palazzo Pants for date. Made from knit. Suitable for casual looks and date occasions.
P1294,Flats,shoes,minimal,lavender,college,satin,1600,lavender minimal Flats for college. Made from satin. Suitable for minimal looks and college occasions.
P1295,Shirt Dress,dresses,elegant,navy,festive,silk,1900,navy elegant Shirt Dress for festive. Made from silk. Suitable for elegant looks and festive occasions.
P1296,Palazzo Pants,bottoms,minimal,pink,office,knit,7100,pink minimal Palazzo Pants for office. Made from knit. Suitable for minimal looks and office occasions.
P1297,Midi Dress,dresses,formal,brown,party,knit,3000,brown formal Midi Dress for party. Made from knit. Suitable for formal looks and party occasions.
P1298,Wide Leg Trousers,bottoms,elegant,red,date,denim,8200,red elegant Wide Leg Trousers for date. Made from denim. Suitable for elegant looks and date occasions.
P1299,Statement Earrings,accessories,streetwear,brown,date,denim,3000,brown streetwear Statement Earrings for date. Made from denim. Suitable for streetwear looks and date occasions.
P1300,Crop Top,tops,elegant,lavender,date,knit,9300,lavender elegant Crop Top for date. Made from knit. Suitable for elegant looks and date occasions.
P1301,Bodycon Dress,dresses,traditional,black,college,silk,2100,black traditional Bodycon Dress for college. Made from silk. Suitable for traditional looks and college occasions.
P1302,Maxi Dress,dresses,formal,brown,everyday,polyester,5800,brown formal Maxi Dress for everyday. Made from polyester. Suitable for formal looks and everyday occasions.
P1303,Watch,accessories,formal,brown,date,satin,8500,brown formal Watch for date. Made from satin. Suitable for formal looks and date occasions.
P1304,Sharara Set,ethnic,streetwear,pink,office,linen,2400,pink streetwear Sharara Set for office. Made from linen. Suitable for streetwear looks and office occasions.
P1305,Maxi Dress,dresses,elegant,black,wedding,knit,1000,black elegant Maxi Dress for wedding. Made from knit. Suitable for elegant looks and wedding occasions.
P1306,Knit Top,tops,formal,beige,wedding,silk,8700,beige formal Knit Top for wedding. Made from silk. Suitable for formal looks and wedding occasions.
P1307,Sneakers,shoes,elegant,pink,everyday,linen,6700,pink elegant Sneakers for everyday. Made from linen. Suitable for elegant looks and everyday occasions.
P1308,Wide Leg Trousers,bottoms,elegant,beige,party,polyester,9600,beige elegant Wide Leg Trousers for party. Made from polyester. Suitable for elegant looks and party occasions.
P1309,Pleated Skirt,bottoms,trendy,black,everyday,satin,3800,black trendy Pleated Skirt for everyday. Made from satin. Suitable for trendy looks and everyday occasions.
P1310,Blouse,tops,traditional,red,college,denim,800,red traditional Blouse for college. Made from denim. Suitable for traditional looks and college occasions.
P1311,Bodycon Dress,dresses,trendy,brown,date,cotton,6900,brown trendy Bodycon Dress for date. Made from cotton. Suitable for trendy looks and date occasions.
P1312,Pleated Skirt,bottoms,traditional,lavender,everyday,linen,9800,lavender traditional Pleated Skirt for everyday. Made from linen. Suitable for traditional looks and everyday occasions.
P1313,Shirt Dress,dresses,elegant,red,travel,satin,1500,red elegant Shirt Dress for travel. Made from satin. Suitable for elegant looks and travel occasions.
P1314,Sharara Set,ethnic,trendy,white,everyday,satin,8900,white trendy Sharara Set for everyday. Made from satin. Suitable for trendy looks and everyday occasions.
P1315,Sharara Set,ethnic,formal,red,college,linen,4300,red formal Sharara Set for college. Made from linen. Suitable for formal looks and college occasions.
P1316,Tote Bag,accessories,trendy,green,everyday,linen,7100,green trendy Tote Bag for everyday. Made from linen. Suitable for trendy looks and everyday occasions.
P1317,Oversized Shirt,tops,formal,green,everyday,linen,4400,green formal Oversized Shirt for everyday. Made from linen. Suitable for formal looks and everyday occasions.
P1318,Statement Earrings,accessories,trendy,green,everyday,knit,2700,green trendy Statement Earrings for everyday. Made from knit. Suitable for trendy looks and everyday occasions.
P1319,Sneakers,shoes,minimal,white,everyday,linen,2900,white minimal Sneakers for everyday. Made from linen. Suitable for minimal looks and everyday occasions.
P1320,Crop Top,tops,traditional,brown,office,knit,6000,brown traditional Crop Top for office. Made from knit. Suitable for traditional looks and office occasions.
P1321,Palazzo Pants,bottoms,casual,blue,college,cotton,5200,blue casual Palazzo Pants for college. Made from cotton. Suitable for casual looks and college occasions.
P1322,Saree,ethnic,formal,beige,party,knit,7100,beige formal Saree for party. Made from knit. Suitable for formal looks and party occasions.
P1323,Midi Dress,dresses,minimal,red,office,satin,3600,red minimal Midi Dress for office. Made from satin. Suitable for minimal looks and office occasions.
P1324,Shirt Dress,dresses,casual,brown,date,denim,5200,brown casual Shirt Dress for date. Made from denim. Suitable for casual looks and date occasions.
P1325,Shirt Dress,dresses,minimal,beige,office,polyester,1300,beige minimal Shirt Dress for office. Made from polyester. Suitable for minimal looks and office occasions.
P1326,Pleated Skirt,bottoms,streetwear,white,office,knit,8500,white streetwear Pleated Skirt for office. Made from knit. Suitable for streetwear looks and office occasions.
P1327,Block Heels,shoes,streetwear,navy,college,satin,2000,navy streetwear Block Heels for college. Made from satin. Suitable for streetwear looks and college occasions.
P1328,Satin Top,tops,streetwear,blue,travel,linen,4400,blue streetwear Satin Top for travel. Made from linen. Suitable for streetwear looks and travel occasions.
P1329,Statement Earrings,accessories,streetwear,navy,everyday,polyester,1900,navy streetwear Statement Earrings for everyday. Made from polyester. Suitable for streetwear looks and everyday occasions.
P1330,Blouse,tops,minimal,beige,office,knit,3200,beige minimal Blouse for office. Made from knit. Suitable for minimal looks and office occasions.
P1331,Pleated Skirt,bottoms,streetwear,black,wedding,knit,6700,black streetwear Pleated Skirt for wedding. Made from knit. Suitable for streetwear looks and wedding occasions.
P1332,Saree,ethnic,traditional,beige,office,denim,5400,beige traditional Saree for office. Made from denim. Suitable for traditional looks and office occasions.
P1333,Statement Earrings,accessories,minimal,blue,party,knit,7400,blue minimal Statement Earrings for party. Made from knit. Suitable for minimal looks and party occasions.
P1334,Straight Jeans,bottoms,casual,red,festive,silk,6500,red casual Straight Jeans for festive. Made from silk. Suitable for casual looks and festive occasions.
P1335,Loafers,shoes,elegant,brown,party,knit,800,brown elegant Loafers for party. Made from knit. Suitable for elegant looks and party occasions.
P1336,Watch,accessories,elegant,white,travel,denim,5800,white elegant Watch for travel. Made from denim. Suitable for elegant looks and travel occasions.
P1337,Knit Top,tops,elegant,red,college,polyester,8900,red elegant Knit Top for college. Made from polyester. Suitable for elegant looks and college occasions.
P1338,Oversized Shirt,tops,elegant,navy,date,silk,5800,navy elegant Oversized Shirt for date. Made from silk. Suitable for elegant looks and date occasions.
P1339,Watch,accessories,streetwear,pink,travel,denim,800,pink streetwear Watch for travel. Made from denim. Suitable for streetwear looks and travel occasions.
P1340,Lehenga,ethnic,traditional,beige,festive,silk,8900,beige traditional Lehenga for festive. Made from silk. Suitable for traditional looks and festive occasions.
P1341,Oversized Shirt,tops,traditional,lavender,everyday,polyester,5100,lavender traditional Oversized Shirt for everyday. Made from polyester. Suitable for traditional looks and everyday occasions.
P1342,Statement Earrings,accessories,streetwear,blue,date,cotton,1100,blue streetwear Statement Earrings for date. Made from cotton. Suitable for streetwear looks and date occasions.
P1343,Loafers,shoes,trendy,beige,date,linen,1800,beige trendy Loafers for date. Made from linen. Suitable for trendy looks and date occasions.
P1344,Sandals,shoes,minimal,navy,travel,knit,8800,navy minimal Sandals for travel. Made from knit. Suitable for minimal looks and travel occasions.
P1345,Satin Top,tops,elegant,navy,date,linen,4500,navy elegant Satin Top for date. Made from linen. Suitable for elegant looks and date occasions.
P1346,Statement Earrings,accessories,traditional,white,college,knit,5400,white traditional Statement Earrings for college. Made from knit. Suitable for traditional looks and college occasions.
P1347,Lehenga,ethnic,minimal,white,college,knit,9000,white minimal Lehenga for college. Made from knit. Suitable for minimal looks and college occasions.
P1348,Bodycon Dress,dresses,minimal,lavender,college,silk,5000,lavender minimal Bodycon Dress for college. Made from silk. Suitable for minimal looks and college occasions.
P1349,Oversized Shirt,tops,traditional,navy,wedding,denim,4500,navy traditional Oversized Shirt for wedding. Made from denim. Suitable for traditional looks and wedding occasions.
P1350,Lehenga,ethnic,formal,beige,festive,satin,3800,beige formal Lehenga for festive. Made from satin. Suitable for formal looks and festive occasions.
P1351,Wrap Dress,dresses,traditional,lavender,wedding,knit,5300,lavender traditional Wrap Dress for wedding. Made from knit. Suitable for traditional looks and wedding occasions.
P1352,Wide Leg Trousers,bottoms,casual,red,festive,cotton,1800,red casual Wide Leg Trousers for festive. Made from cotton. Suitable for casual looks and festive occasions.
P1353,Bodycon Dress,dresses,casual,brown,wedding,silk,1600,brown casual Bodycon Dress for wedding. Made from silk. Suitable for casual looks and wedding occasions.
P1354,Lehenga,ethnic,trendy,lavender,festive,knit,4000,lavender trendy Lehenga for festive. Made from knit. Suitable for trendy looks and festive occasions.
P1355,Flats,shoes,formal,red,everyday,polyester,6900,red formal Flats for everyday. Made from polyester. Suitable for formal looks and everyday occasions.
P1356,Statement Earrings,accessories,streetwear,beige,party,satin,2300,beige streetwear Statement Earrings for party. Made from satin. Suitable for streetwear looks and party occasions.
P1357,Pleated Skirt,bottoms,casual,navy,office,polyester,3400,navy casual Pleated Skirt for office. Made from polyester. Suitable for casual looks and office occasions.
P1358,Pleated Skirt,bottoms,elegant,beige,travel,cotton,8400,beige elegant Pleated Skirt for travel. Made from cotton. Suitable for elegant looks and travel occasions.
P1359,Wide Leg Trousers,bottoms,elegant,green,date,cotton,7300,green elegant Wide Leg Trousers for date. Made from cotton. Suitable for elegant looks and date occasions.
P1360,Satin Top,tops,minimal,pink,travel,denim,4400,pink minimal Satin Top for travel. Made from denim. Suitable for minimal looks and travel occasions.
P1361,Wide Leg Trousers,bottoms,streetwear,beige,party,knit,8200,beige streetwear Wide Leg Trousers for party. Made from knit. Suitable for streetwear looks and party occasions.
P1362,Wide Leg Trousers,bottoms,minimal,pink,wedding,linen,6900,pink minimal Wide Leg Trousers for wedding. Made from linen. Suitable for minimal looks and wedding occasions.
P1363,Midi Dress,dresses,traditional,green,office,knit,1200,green traditional Midi Dress for office. Made from knit. Suitable for traditional looks and office occasions.
P1364,Pleated Skirt,bottoms,traditional,pink,everyday,denim,5500,pink traditional Pleated Skirt for everyday. Made from denim. Suitable for traditional looks and everyday occasions.
P1365,Straight Jeans,bottoms,streetwear,beige,everyday,knit,6400,beige streetwear Straight Jeans for everyday. Made from knit. Suitable for streetwear looks and everyday occasions.
P1366,Statement Earrings,accessories,casual,green,office,knit,8600,green casual Statement Earrings for office. Made from knit. Suitable for casual looks and office occasions.
P1367,Watch,accessories,trendy,red,wedding,silk,5000,red trendy Watch for wedding. Made from silk. Suitable for trendy looks and wedding occasions.
P1368,Block Heels,shoes,formal,brown,date,polyester,1800,brown formal Block Heels for date. Made from polyester. Suitable for formal looks and date occasions.
P1369,Satin Top,tops,traditional,pink,office,polyester,7800,pink traditional Satin Top for office. Made from polyester. Suitable for traditional looks and office occasions.
P1370,Maxi Dress,dresses,traditional,navy,college,satin,7300,navy traditional Maxi Dress for college. Made from satin. Suitable for traditional looks and college occasions.
P1371,Knit Top,tops,traditional,black,office,polyester,7500,black traditional Knit Top for office. Made from polyester. Suitable for traditional looks and office occasions.
P1372,Satin Top,tops,minimal,blue,wedding,knit,9700,blue minimal Satin Top for wedding. Made from knit. Suitable for minimal looks and wedding occasions.
P1373,Flats,shoes,elegant,navy,travel,silk,8200,navy elegant Flats for travel. Made from silk. Suitable for elegant looks and travel occasions.
P1374,Bodycon Dress,dresses,streetwear,black,travel,silk,3000,black streetwear Bodycon Dress for travel. Made from silk. Suitable for streetwear looks and travel occasions.
P1375,Wide Leg Trousers,bottoms,streetwear,navy,travel,silk,3900,navy streetwear Wide Leg Trousers for travel. Made from silk. Suitable for streetwear looks and travel occasions.
P1376,Midi Dress,dresses,elegant,navy,party,denim,2500,navy elegant Midi Dress for party. Made from denim. Suitable for elegant looks and party occasions.
P1377,Blouse,tops,streetwear,white,party,denim,5900,white streetwear Blouse for party. Made from denim. Suitable for streetwear looks and party occasions.
P1378,Tote Bag,accessories,elegant,lavender,travel,linen,1000,lavender elegant Tote Bag for travel. Made from linen. Suitable for elegant looks and travel occasions.
P1379,Shoulder Bag,accessories,minimal,red,office,denim,2500,red minimal Shoulder Bag for office. Made from denim. Suitable for minimal looks and office occasions.
P1380,Palazzo Pants,bottoms,minimal,red,office,cotton,3200,red minimal Palazzo Pants for office. Made from cotton. Suitable for minimal looks and office occasions.
P1381,Oversized Shirt,tops,traditional,blue,everyday,satin,7100,blue traditional Oversized Shirt for everyday. Made from satin. Suitable for traditional looks and everyday occasions.
P1382,Wide Leg Trousers,bottoms,minimal,black,travel,silk,7700,black minimal Wide Leg Trousers for travel. Made from silk. Suitable for minimal looks and travel occasions.
P1383,Wide Leg Trousers,bottoms,trendy,black,festive,polyester,3600,black trendy Wide Leg Trousers for festive. Made from polyester. Suitable for trendy looks and festive occasions.
P1384,Wrap Dress,dresses,traditional,lavender,office,linen,7800,lavender traditional Wrap Dress for office. Made from linen. Suitable for traditional looks and office occasions.
P1385,Tote Bag,accessories,minimal,lavender,festive,silk,1700,lavender minimal Tote Bag for festive. Made from silk. Suitable for minimal looks and festive occasions.
P1386,Watch,accessories,casual,beige,travel,satin,2800,beige casual Watch for travel. Made from satin. Suitable for casual looks and travel occasions.
P1387,Oversized Shirt,tops,trendy,navy,everyday,cotton,700,navy trendy Oversized Shirt for everyday. Made from cotton. Suitable for trendy looks and everyday occasions.
P1388,Palazzo Pants,bottoms,formal,beige,college,cotton,6800,beige formal Palazzo Pants for college. Made from cotton. Suitable for formal looks and college occasions.
P1389,Lehenga,ethnic,minimal,red,travel,knit,8700,red minimal Lehenga for travel. Made from knit. Suitable for minimal looks and travel occasions.
P1390,Oversized Shirt,tops,streetwear,navy,date,cotton,2700,navy streetwear Oversized Shirt for date. Made from cotton. Suitable for streetwear looks and date occasions.
P1391,Watch,accessories,traditional,white,date,cotton,5700,white traditional Watch for date. Made from cotton. Suitable for traditional looks and date occasions.
P1392,Shoulder Bag,accessories,streetwear,beige,date,silk,3300,beige streetwear Shoulder Bag for date. Made from silk. Suitable for streetwear looks and date occasions.
P1393,Sandals,shoes,streetwear,green,travel,polyester,4000,green streetwear Sandals for travel. Made from polyester. Suitable for streetwear looks and travel occasions.
P1394,Statement Earrings,accessories,minimal,blue,travel,denim,3300,blue minimal Statement Earrings for travel. Made from denim. Suitable for minimal looks and travel occasions.
P1395,Palazzo Pants,bottoms,elegant,beige,college,satin,6700,beige elegant Palazzo Pants for college. Made from satin. Suitable for elegant looks and college occasions.
P1396,Midi Dress,dresses,formal,beige,festive,satin,9600,beige formal Midi Dress for festive. Made from satin. Suitable for formal looks and festive occasions.
P1397,Statement Earrings,accessories,streetwear,red,office,knit,9000,red streetwear Statement Earrings for office. Made from knit. Suitable for streetwear looks and office occasions.
P1398,Shoulder Bag,accessories,traditional,black,everyday,polyester,2200,black traditional Shoulder Bag for everyday. Made from polyester. Suitable for traditional looks and everyday occasions.
P1399,Sharara Set,ethnic,streetwear,lavender,travel,silk,2900,lavender streetwear Sharara Set for travel. Made from silk. Suitable for streetwear looks and travel occasions.
P1400,Shoulder Bag,accessories,elegant,brown,travel,linen,6300,brown elegant Shoulder Bag for travel. Made from linen. Suitable for elegant looks and travel occasions.
P1401,Maxi Dress,dresses,formal,black,date,polyester,9700,black formal Maxi Dress for date. Made from polyester. Suitable for formal looks and date occasions.
P1402,Kurta Set,ethnic,elegant,lavender,date,knit,9800,lavender elegant Kurta Set for date. Made from knit. Suitable for elegant looks and date occasions.
P1403,Crop Top,tops,trendy,green,college,denim,7000,green trendy Crop Top for college. Made from denim. Suitable for trendy looks and college occasions.
P1404,Watch,accessories,casual,black,wedding,knit,8800,black casual Watch for wedding. Made from knit. Suitable for casual looks and wedding occasions.
P1405,Wide Leg Trousers,bottoms,streetwear,pink,everyday,linen,7700,pink streetwear Wide Leg Trousers for everyday. Made from linen. Suitable for streetwear looks and everyday occasions.
P1406,Oversized Shirt,tops,formal,lavender,party,cotton,8200,lavender formal Oversized Shirt for party. Made from cotton. Suitable for formal looks and party occasions.
P1407,Satin Top,tops,casual,pink,wedding,satin,4200,pink casual Satin Top for wedding. Made from satin. Suitable for casual looks and wedding occasions.
P1408,Satin Top,tops,formal,navy,date,polyester,7800,navy formal Satin Top for date. Made from polyester. Suitable for formal looks and date occasions.
P1409,Wide Leg Trousers,bottoms,trendy,black,travel,silk,5900,black trendy Wide Leg Trousers for travel. Made from silk. Suitable for trendy looks and travel occasions.
P1410,Anarkali,ethnic,formal,navy,everyday,silk,5300,navy formal Anarkali for everyday. Made from silk. Suitable for formal looks and everyday occasions.
P1411,Block Heels,shoes,formal,blue,college,denim,6000,blue formal Block Heels for college. Made from denim. Suitable for formal looks and college occasions.
P1412,Flats,shoes,minimal,black,festive,linen,4900,black minimal Flats for festive. Made from linen. Suitable for minimal looks and festive occasions.
P1413,Shirt Dress,dresses,streetwear,black,wedding,polyester,6100,black streetwear Shirt Dress for wedding. Made from polyester. Suitable for streetwear looks and wedding occasions.
P1414,Maxi Dress,dresses,casual,beige,travel,denim,1500,beige casual Maxi Dress for travel. Made from denim. Suitable for casual looks and travel occasions.
P1415,Shoulder Bag,accessories,elegant,brown,festive,knit,1000,brown elegant Shoulder Bag for festive. Made from knit. Suitable for elegant looks and festive occasions.
P1416,Loafers,shoes,streetwear,pink,wedding,cotton,6700,pink streetwear Loafers for wedding. Made from cotton. Suitable for streetwear looks and wedding occasions.
P1417,Blouse,tops,streetwear,black,travel,satin,3700,black streetwear Blouse for travel. Made from satin. Suitable for streetwear looks and travel occasions.
P1418,Shirt Dress,dresses,traditional,brown,office,polyester,6400,brown traditional Shirt Dress for office. Made from polyester. Suitable for traditional looks and office occasions.
P1419,Block Heels,shoes,elegant,black,college,silk,4700,black elegant Block Heels for college. Made from silk. Suitable for elegant looks and college occasions.
P1420,Shoulder Bag,accessories,streetwear,beige,college,knit,6300,beige streetwear Shoulder Bag for college. Made from knit. Suitable for streetwear looks and college occasions.
P1421,Wrap Dress,dresses,traditional,red,office,cotton,9300,red traditional Wrap Dress for office. Made from cotton. Suitable for traditional looks and office occasions.
P1422,Shirt Dress,dresses,elegant,pink,festive,silk,1900,pink elegant Shirt Dress for festive. Made from silk. Suitable for elegant looks and festive occasions.
P1423,Flats,shoes,casual,lavender,college,silk,5600,lavender casual Flats for college. Made from silk. Suitable for casual looks and college occasions.
P1424,Pleated Skirt,bottoms,traditional,lavender,office,denim,9000,lavender traditional Pleated Skirt for office. Made from denim. Suitable for traditional looks and office occasions.
P1425,Shoulder Bag,accessories,trendy,navy,travel,satin,3100,navy trendy Shoulder Bag for travel. Made from satin. Suitable for trendy looks and travel occasions.
P1426,Midi Dress,dresses,elegant,lavender,office,satin,3100,lavender elegant Midi Dress for office. Made from satin. Suitable for elegant looks and office occasions.
P1427,Sneakers,shoes,formal,navy,date,denim,6000,navy formal Sneakers for date. Made from denim. Suitable for formal looks and date occasions.
P1428,Pleated Skirt,bottoms,casual,blue,party,knit,1200,blue casual Pleated Skirt for party. Made from knit. Suitable for casual looks and party occasions.
P1429,Maxi Dress,dresses,minimal,lavender,festive,satin,9000,lavender minimal Maxi Dress for festive. Made from satin. Suitable for minimal looks and festive occasions.
P1430,Saree,ethnic,traditional,navy,party,linen,6700,navy traditional Saree for party. Made from linen. Suitable for traditional looks and party occasions.
P1431,Lehenga,ethnic,minimal,pink,travel,cotton,7300,pink minimal Lehenga for travel. Made from cotton. Suitable for minimal looks and travel occasions.
P1432,Sneakers,shoes,elegant,blue,college,silk,5100,blue elegant Sneakers for college. Made from silk. Suitable for elegant looks and college occasions.
P1433,Crop Top,tops,formal,blue,office,denim,3100,blue formal Crop Top for office. Made from denim. Suitable for formal looks and office occasions.
P1434,Statement Earrings,accessories,formal,brown,travel,knit,8100,brown formal Statement Earrings for travel. Made from knit. Suitable for formal looks and travel occasions.
P1435,Loafers,shoes,traditional,pink,festive,denim,2700,pink traditional Loafers for festive. Made from denim. Suitable for traditional looks and festive occasions.
P1436,Bodycon Dress,dresses,streetwear,black,everyday,linen,700,black streetwear Bodycon Dress for everyday. Made from linen. Suitable for streetwear looks and everyday occasions.
P1437,Tote Bag,accessories,formal,blue,everyday,satin,3400,blue formal Tote Bag for everyday. Made from satin. Suitable for formal looks and everyday occasions.
P1438,Knit Top,tops,formal,green,festive,linen,5800,green formal Knit Top for festive. Made from linen. Suitable for formal looks and festive occasions.
P1439,Satin Top,tops,minimal,black,office,denim,1000,black minimal Satin Top for office. Made from denim. Suitable for minimal looks and office occasions.
P1440,Block Heels,shoes,casual,pink,everyday,linen,8700,pink casual Block Heels for everyday. Made from linen. Suitable for casual looks and everyday occasions.
P1441,Loafers,shoes,elegant,black,wedding,linen,4300,black elegant Loafers for wedding. Made from linen. Suitable for elegant looks and wedding occasions.
P1442,Crop Top,tops,minimal,beige,travel,knit,7700,beige minimal Crop Top for travel. Made from knit. Suitable for minimal looks and travel occasions.
P1443,Crop Top,tops,casual,black,party,knit,4000,black casual Crop Top for party. Made from knit. Suitable for casual looks and party occasions.
P1444,Midi Dress,dresses,streetwear,beige,festive,polyester,2100,beige streetwear Midi Dress for festive. Made from polyester. Suitable for streetwear looks and festive occasions.
P1445,Kurta Set,ethnic,minimal,brown,wedding,denim,5400,brown minimal Kurta Set for wedding. Made from denim. Suitable for minimal looks and wedding occasions.
P1446,Tote Bag,accessories,traditional,lavender,festive,polyester,1500,lavender traditional Tote Bag for festive. Made from polyester. Suitable for traditional looks and festive occasions.
P1447,Maxi Dress,dresses,casual,blue,wedding,satin,5500,blue casual Maxi Dress for wedding. Made from satin. Suitable for casual looks and wedding occasions.
P1448,Clutch,accessories,minimal,lavender,festive,polyester,3800,lavender minimal Clutch for festive. Made from polyester. Suitable for minimal looks and festive occasions.
P1449,Shirt Dress,dresses,traditional,blue,date,knit,2600,blue traditional Shirt Dress for date. Made from knit. Suitable for traditional looks and date occasions.
P1450,Kurta Set,ethnic,elegant,pink,party,knit,7200,pink elegant Kurta Set for party. Made from knit. Suitable for elegant looks and party occasions.
P1451,Flats,shoes,casual,white,everyday,knit,9100,white casual Flats for everyday. Made from knit. Suitable for casual looks and everyday occasions.
P1452,Block Heels,shoes,casual,navy,festive,knit,8900,navy casual Block Heels for festive. Made from knit. Suitable for casual looks and festive occasions.
P1453,Loafers,shoes,trendy,navy,everyday,linen,4800,navy trendy Loafers for everyday. Made from linen. Suitable for trendy looks and everyday occasions.
P1454,Clutch,accessories,traditional,brown,everyday,silk,4100,brown traditional Clutch for everyday. Made from silk. Suitable for traditional looks and everyday occasions.
P1455,Flats,shoes,formal,lavender,college,linen,3500,lavender formal Flats for college. Made from linen. Suitable for formal looks and college occasions.
P1456,Knit Top,tops,streetwear,blue,festive,linen,4600,blue streetwear Knit Top for festive. Made from linen. Suitable for streetwear looks and festive occasions.
P1457,Pleated Skirt,bottoms,traditional,beige,travel,denim,7700,beige traditional Pleated Skirt for travel. Made from denim. Suitable for traditional looks and travel occasions.
P1458,Maxi Dress,dresses,streetwear,white,date,silk,7300,white streetwear Maxi Dress for date. Made from silk. Suitable for streetwear looks and date occasions.
P1459,Kurta Set,ethnic,traditional,black,everyday,satin,8600,black traditional Kurta Set for everyday. Made from satin. Suitable for traditional looks and everyday occasions.
P1460,Sharara Set,ethnic,trendy,brown,festive,silk,5400,brown trendy Sharara Set for festive. Made from silk. Suitable for trendy looks and festive occasions.
P1461,Palazzo Pants,bottoms,minimal,red,college,linen,6300,red minimal Palazzo Pants for college. Made from linen. Suitable for minimal looks and college occasions.
P1462,Blouse,tops,formal,white,travel,cotton,4400,white formal Blouse for travel. Made from cotton. Suitable for formal looks and travel occasions.
P1463,Sandals,shoes,traditional,white,date,linen,1900,white traditional Sandals for date. Made from linen. Suitable for traditional looks and date occasions.
P1464,Midi Dress,dresses,minimal,black,wedding,denim,3200,black minimal Midi Dress for wedding. Made from denim. Suitable for minimal looks and wedding occasions.
P1465,Clutch,accessories,minimal,pink,date,linen,9700,pink minimal Clutch for date. Made from linen. Suitable for minimal looks and date occasions.
P1466,Sneakers,shoes,streetwear,navy,date,cotton,4500,navy streetwear Sneakers for date. Made from cotton. Suitable for streetwear looks and date occasions.
P1467,Saree,ethnic,streetwear,red,festive,knit,8100,red streetwear Saree for festive. Made from knit. Suitable for streetwear looks and festive occasions.
P1468,Shoulder Bag,accessories,trendy,navy,party,knit,5700,navy trendy Shoulder Bag for party. Made from knit. Suitable for trendy looks and party occasions.
P1469,Crop Top,tops,formal,blue,everyday,linen,7300,blue formal Crop Top for everyday. Made from linen. Suitable for formal looks and everyday occasions.
P1470,Sandals,shoes,streetwear,brown,everyday,denim,1700,brown streetwear Sandals for everyday. Made from denim. Suitable for streetwear looks and everyday occasions.
P1471,Kurta Set,ethnic,trendy,red,wedding,silk,6400,red trendy Kurta Set for wedding. Made from silk. Suitable for trendy looks and wedding occasions.
P1472,Block Heels,shoes,minimal,beige,party,denim,800,beige minimal Block Heels for party. Made from denim. Suitable for minimal looks and party occasions.
P1473,Palazzo Pants,bottoms,minimal,blue,festive,silk,9400,blue minimal Palazzo Pants for festive. Made from silk. Suitable for minimal looks and festive occasions.
P1474,Palazzo Pants,bottoms,minimal,lavender,college,satin,1100,lavender minimal Palazzo Pants for college. Made from satin. Suitable for minimal looks and college occasions.
P1475,Crop Top,tops,minimal,lavender,festive,silk,3300,lavender minimal Crop Top for festive. Made from silk. Suitable for minimal looks and festive occasions.
P1476,Wide Leg Trousers,bottoms,traditional,red,wedding,silk,2000,red traditional Wide Leg Trousers for wedding. Made from silk. Suitable for traditional looks and wedding occasions.
P1477,Lehenga,ethnic,trendy,pink,office,linen,2000,pink trendy Lehenga for office. Made from linen. Suitable for trendy looks and office occasions.
P1478,Watch,accessories,casual,black,everyday,cotton,3000,black casual Watch for everyday. Made from cotton. Suitable for casual looks and everyday occasions.
P1479,Satin Top,tops,trendy,pink,wedding,linen,4400,pink trendy Satin Top for wedding. Made from linen. Suitable for trendy looks and wedding occasions.
P1480,Watch,accessories,elegant,brown,college,denim,7300,brown elegant Watch for college. Made from denim. Suitable for elegant looks and college occasions.
P1481,Maxi Dress,dresses,minimal,red,festive,linen,2100,red minimal Maxi Dress for festive. Made from linen. Suitable for minimal looks and festive occasions.
P1482,Oversized Shirt,tops,trendy,brown,office,silk,3300,brown trendy Oversized Shirt for office. Made from silk. Suitable for trendy looks and office occasions.
P1483,Crop Top,tops,minimal,red,everyday,linen,8400,red minimal Crop Top for everyday. Made from linen. Suitable for minimal looks and everyday occasions.
P1484,Loafers,shoes,traditional,blue,everyday,denim,3200,blue traditional Loafers for everyday. Made from denim. Suitable for traditional looks and everyday occasions.
P1485,Maxi Dress,dresses,trendy,white,festive,satin,3800,white trendy Maxi Dress for festive. Made from satin. Suitable for trendy looks and festive occasions.
P1486,Loafers,shoes,traditional,brown,everyday,silk,8000,brown traditional Loafers for everyday. Made from silk. Suitable for traditional looks and everyday occasions.
P1487,Midi Dress,dresses,minimal,brown,travel,polyester,9800,brown minimal Midi Dress for travel. Made from polyester. Suitable for minimal looks and travel occasions.
P1488,Sharara Set,ethnic,traditional,beige,festive,linen,2900,beige traditional Sharara Set for festive. Made from linen. Suitable for traditional looks and festive occasions.
P1489,Flats,shoes,trendy,red,party,polyester,7900,red trendy Flats for party. Made from polyester. Suitable for trendy looks and party occasions.
P1490,Bodycon Dress,dresses,formal,black,wedding,knit,2700,black formal Bodycon Dress for wedding. Made from knit. Suitable for formal looks and wedding occasions.
P1491,Lehenga,ethnic,minimal,white,wedding,silk,5900,white minimal Lehenga for wedding. Made from silk. Suitable for minimal looks and wedding occasions.
P1492,Block Heels,shoes,minimal,white,office,satin,4800,white minimal Block Heels for office. Made from satin. Suitable for minimal looks and office occasions.
P1493,Pleated Skirt,bottoms,casual,pink,wedding,satin,1200,pink casual Pleated Skirt for wedding. Made from satin. Suitable for casual looks and wedding occasions.
P1494,Wide Leg Trousers,bottoms,elegant,brown,festive,denim,5800,brown elegant Wide Leg Trousers for festive. Made from denim. Suitable for elegant looks and festive occasions.
P1495,Knit Top,tops,elegant,black,date,cotton,9700,black elegant Knit Top for date. Made from cotton. Suitable for elegant looks and date occasions.
P1496,Blouse,tops,formal,brown,everyday,silk,1500,brown formal Blouse for everyday. Made from silk. Suitable for formal looks and everyday occasions.
P1497,Shirt Dress,dresses,formal,blue,everyday,linen,6700,blue formal Shirt Dress for everyday. Made from linen. Suitable for formal looks and everyday occasions.
P1498,Kurta Set,ethnic,casual,black,office,linen,4400,black casual Kurta Set for office. Made from linen. Suitable for casual looks and office occasions.
P1499,Shirt Dress,dresses,formal,red,party,cotton,9200,red formal Shirt Dress for party. Made from cotton. Suitable for formal looks and party occasions.
P1500,Wrap Dress,dresses,casual,brown,travel,linen,3400,brown casual Wrap Dress for travel. Made from linen. Suitable for casual looks and travel occasions.
P1501,Shoulder Bag,accessories,formal,navy,wedding,silk,9600,navy formal Shoulder Bag for wedding. Made from silk. Suitable for formal looks and wedding occasions.
P1502,Shirt Dress,dresses,formal,white,festive,polyester,4600,white formal Shirt Dress for festive. Made from polyester. Suitable for formal looks and festive occasions.
P1503,Wide Leg Trousers,bottoms,traditional,black,college,knit,5500,black traditional Wide Leg Trousers for college. Made from knit. Suitable for traditional looks and college occasions.
P1504,Crop Top,tops,minimal,blue,wedding,cotton,900,blue minimal Crop Top for wedding. Made from cotton. Suitable for minimal looks and wedding occasions.
P1505,Wide Leg Trousers,bottoms,elegant,green,wedding,polyester,9200,green elegant Wide Leg Trousers for wedding. Made from polyester. Suitable for elegant looks and wedding occasions.
P1506,Maxi Dress,dresses,elegant,beige,party,cotton,6000,beige elegant Maxi Dress for party. Made from cotton. Suitable for elegant looks and party occasions.
P1507,Block Heels,shoes,streetwear,green,travel,satin,8700,green streetwear Block Heels for travel. Made from satin. Suitable for streetwear looks and travel occasions.
P1508,Oversized Shirt,tops,casual,navy,festive,silk,2200,navy casual Oversized Shirt for festive. Made from silk. Suitable for casual looks and festive occasions.
P1509,Crop Top,tops,elegant,green,travel,linen,800,green elegant Crop Top for travel. Made from linen. Suitable for elegant looks and travel occasions.
P1510,Palazzo Pants,bottoms,elegant,red,wedding,silk,3500,red elegant Palazzo Pants for wedding. Made from silk. Suitable for elegant looks and wedding occasions.
P1511,Wrap Dress,dresses,formal,lavender,travel,cotton,1500,lavender formal Wrap Dress for travel. Made from cotton. Suitable for formal looks and travel occasions.
P1512,Knit Top,tops,minimal,lavender,everyday,cotton,9800,lavender minimal Knit Top for everyday. Made from cotton. Suitable for minimal looks and everyday occasions.
P1513,Sandals,shoes,casual,pink,office,satin,4800,pink casual Sandals for office. Made from satin. Suitable for casual looks and office occasions.
P1514,Statement Earrings,accessories,formal,beige,travel,linen,8800,beige formal Statement Earrings for travel. Made from linen. Suitable for formal looks and travel occasions.
P1515,Clutch,accessories,streetwear,brown,office,denim,900,brown streetwear Clutch for office. Made from denim. Suitable for streetwear looks and office occasions.
P1516,Sandals,shoes,trendy,red,wedding,satin,8200,red trendy Sandals for wedding. Made from satin. Suitable for trendy looks and wedding occasions.
P1517,Shoulder Bag,accessories,casual,black,office,denim,3700,black casual Shoulder Bag for office. Made from denim. Suitable for casual looks and office occasions.
P1518,Statement Earrings,accessories,streetwear,blue,office,cotton,2400,blue streetwear Statement Earrings for office. Made from cotton. Suitable for streetwear looks and office occasions.
P1519,Sharara Set,ethnic,minimal,blue,party,silk,3300,blue minimal Sharara Set for party. Made from silk. Suitable for minimal looks and party occasions.
P1520,Shoulder Bag,accessories,casual,lavender,everyday,polyester,4900,lavender casual Shoulder Bag for everyday. Made from polyester. Suitable for casual looks and everyday occasions.
P1521,Blouse,tops,minimal,black,festive,polyester,4300,black minimal Blouse for festive. Made from polyester. Suitable for minimal looks and festive occasions.
P1522,Maxi Dress,dresses,streetwear,green,travel,linen,3300,green streetwear Maxi Dress for travel. Made from linen. Suitable for streetwear looks and travel occasions.
P1523,Block Heels,shoes,formal,blue,wedding,satin,5500,blue formal Block Heels for wedding. Made from satin. Suitable for formal looks and wedding occasions.
P1524,Loafers,shoes,casual,brown,college,cotton,6900,brown casual Loafers for college. Made from cotton. Suitable for casual looks and college occasions.
P1525,Maxi Dress,dresses,elegant,beige,wedding,linen,1800,beige elegant Maxi Dress for wedding. Made from linen. Suitable for elegant looks and wedding occasions.
P1526,Oversized Shirt,tops,traditional,blue,wedding,satin,1700,blue traditional Oversized Shirt for wedding. Made from satin. Suitable for traditional looks and wedding occasions.
P1527,Pleated Skirt,bottoms,minimal,beige,wedding,linen,6100,beige minimal Pleated Skirt for wedding. Made from linen. Suitable for minimal looks and wedding occasions.
P1528,Oversized Shirt,tops,casual,pink,date,satin,6400,pink casual Oversized Shirt for date. Made from satin. Suitable for casual looks and date occasions.
P1529,Tote Bag,accessories,minimal,brown,office,denim,5700,brown minimal Tote Bag for office. Made from denim. Suitable for minimal looks and office occasions.
P1530,Straight Jeans,bottoms,trendy,brown,festive,satin,8500,brown trendy Straight Jeans for festive. Made from satin. Suitable for trendy looks and festive occasions.
P1531,Statement Earrings,accessories,streetwear,beige,everyday,cotton,5500,beige streetwear Statement Earrings for everyday. Made from cotton. Suitable for streetwear looks and everyday occasions.
P1532,Wide Leg Trousers,bottoms,streetwear,pink,party,satin,2900,pink streetwear Wide Leg Trousers for party. Made from satin. Suitable for streetwear looks and party occasions.
P1533,Sharara Set,ethnic,trendy,pink,everyday,denim,5500,pink trendy Sharara Set for everyday. Made from denim. Suitable for trendy looks and everyday occasions.
P1534,Sandals,shoes,trendy,white,travel,linen,9800,white trendy Sandals for travel. Made from linen. Suitable for trendy looks and travel occasions.
P1535,Straight Jeans,bottoms,casual,blue,college,cotton,7100,blue casual Straight Jeans for college. Made from cotton. Suitable for casual looks and college occasions.
P1536,Clutch,accessories,trendy,red,festive,silk,5400,red trendy Clutch for festive. Made from silk. Suitable for trendy looks and festive occasions.
P1537,Pleated Skirt,bottoms,minimal,lavender,office,silk,1100,lavender minimal Pleated Skirt for office. Made from silk. Suitable for minimal looks and office occasions.
P1538,Bodycon Dress,dresses,traditional,beige,wedding,knit,6200,beige traditional Bodycon Dress for wedding. Made from knit. Suitable for traditional looks and wedding occasions.
P1539,Saree,ethnic,traditional,brown,travel,polyester,1400,brown traditional Saree for travel. Made from polyester. Suitable for traditional looks and travel occasions.
P1540,Statement Earrings,accessories,trendy,blue,wedding,silk,1100,blue trendy Statement Earrings for wedding. Made from silk. Suitable for trendy looks and wedding occasions.
P1541,Anarkali,ethnic,formal,beige,date,satin,6500,beige formal Anarkali for date. Made from satin. Suitable for formal looks and date occasions.
P1542,Tote Bag,accessories,minimal,blue,party,cotton,2100,blue minimal Tote Bag for party. Made from cotton. Suitable for minimal looks and party occasions.
P1543,Bodycon Dress,dresses,trendy,lavender,office,satin,3100,lavender trendy Bodycon Dress for office. Made from satin. Suitable for trendy looks and office occasions.
P1544,Straight Jeans,bottoms,streetwear,red,date,polyester,4500,red streetwear Straight Jeans for date. Made from polyester. Suitable for streetwear looks and date occasions.
P1545,Sandals,shoes,formal,red,date,polyester,5900,red formal Sandals for date. Made from polyester. Suitable for formal looks and date occasions.
P1546,Shoulder Bag,accessories,elegant,lavender,travel,knit,2500,lavender elegant Shoulder Bag for travel. Made from knit. Suitable for elegant looks and travel occasions.
P1547,Kurta Set,ethnic,formal,red,date,cotton,2800,red formal Kurta Set for date. Made from cotton. Suitable for formal looks and date occasions.
P1548,Wide Leg Trousers,bottoms,elegant,white,festive,satin,6000,white elegant Wide Leg Trousers for festive. Made from satin. Suitable for elegant looks and festive occasions.
P1549,Clutch,accessories,formal,red,party,linen,5400,red formal Clutch for party. Made from linen. Suitable for formal looks and party occasions.
P1550,Crop Top,tops,casual,brown,party,satin,2100,brown casual Crop Top for party. Made from satin. Suitable for casual looks and party occasions.
P1551,Straight Jeans,bottoms,casual,blue,college,polyester,3000,blue casual Straight Jeans for college. Made from polyester. Suitable for casual looks and college occasions.
P1552,Blouse,tops,streetwear,red,everyday,polyester,8600,red streetwear Blouse for everyday. Made from polyester. Suitable for streetwear looks and everyday occasions.
P1553,Maxi Dress,dresses,elegant,pink,office,silk,2200,pink elegant Maxi Dress for office. Made from silk. Suitable for elegant looks and office occasions.
P1554,Anarkali,ethnic,minimal,black,wedding,silk,6900,black minimal Anarkali for wedding. Made from silk. Suitable for minimal looks and wedding occasions.
P1555,Shoulder Bag,accessories,elegant,black,date,knit,700,black elegant Shoulder Bag for date. Made from knit. Suitable for elegant looks and date occasions.
P1556,Watch,accessories,streetwear,black,office,linen,7300,black streetwear Watch for office. Made from linen. Suitable for streetwear looks and office occasions.
P1557,Bodycon Dress,dresses,traditional,navy,date,silk,6700,navy traditional Bodycon Dress for date. Made from silk. Suitable for traditional looks and date occasions.
P1558,Lehenga,ethnic,trendy,green,travel,polyester,5000,green trendy Lehenga for travel. Made from polyester. Suitable for trendy looks and travel occasions.
P1559,Kurta Set,ethnic,minimal,red,festive,satin,1400,red minimal Kurta Set for festive. Made from satin. Suitable for minimal looks and festive occasions.
P1560,Saree,ethnic,streetwear,white,college,silk,9600,white streetwear Saree for college. Made from silk. Suitable for streetwear looks and college occasions.
P1561,Straight Jeans,bottoms,elegant,lavender,office,knit,7400,lavender elegant Straight Jeans for office. Made from knit. Suitable for elegant looks and office occasions.
P1562,Kurta Set,ethnic,minimal,brown,everyday,satin,5900,brown minimal Kurta Set for everyday. Made from satin. Suitable for minimal looks and everyday occasions.
P1563,Tote Bag,accessories,elegant,green,college,polyester,5300,green elegant Tote Bag for college. Made from polyester. Suitable for elegant looks and college occasions.
P1564,Wrap Dress,dresses,formal,brown,wedding,satin,6900,brown formal Wrap Dress for wedding. Made from satin. Suitable for formal looks and wedding occasions.
P1565,Wide Leg Trousers,bottoms,minimal,red,everyday,polyester,9600,red minimal Wide Leg Trousers for everyday. Made from polyester. Suitable for minimal looks and everyday occasions.
P1566,Bodycon Dress,dresses,minimal,lavender,wedding,polyester,2500,lavender minimal Bodycon Dress for wedding. Made from polyester. Suitable for minimal looks and wedding occasions.
P1567,Sandals,shoes,streetwear,navy,college,linen,7000,navy streetwear Sandals for college. Made from linen. Suitable for streetwear looks and college occasions.
P1568,Wrap Dress,dresses,streetwear,navy,everyday,linen,6400,navy streetwear Wrap Dress for everyday. Made from linen. Suitable for streetwear looks and everyday occasions.
P1569,Bodycon Dress,dresses,formal,navy,wedding,linen,3400,navy formal Bodycon Dress for wedding. Made from linen. Suitable for formal looks and wedding occasions.
P1570,Satin Top,tops,elegant,red,college,linen,4800,red elegant Satin Top for college. Made from linen. Suitable for elegant looks and college occasions.
P1571,Palazzo Pants,bottoms,casual,pink,everyday,polyester,2200,pink casual Palazzo Pants for everyday. Made from polyester. Suitable for casual looks and everyday occasions.
P1572,Tote Bag,accessories,traditional,brown,office,knit,9500,brown traditional Tote Bag for office. Made from knit. Suitable for traditional looks and office occasions.
P1573,Kurta Set,ethnic,traditional,lavender,office,polyester,5000,lavender traditional Kurta Set for office. Made from polyester. Suitable for traditional looks and office occasions.
P1574,Pleated Skirt,bottoms,formal,navy,festive,knit,3600,navy formal Pleated Skirt for festive. Made from knit. Suitable for formal looks and festive occasions.
P1575,Blouse,tops,elegant,pink,office,cotton,1800,pink elegant Blouse for office. Made from cotton. Suitable for elegant looks and office occasions.
P1576,Lehenga,ethnic,casual,white,travel,linen,4700,white casual Lehenga for travel. Made from linen. Suitable for casual looks and travel occasions.
P1577,Wide Leg Trousers,bottoms,minimal,black,wedding,knit,5600,black minimal Wide Leg Trousers for wedding. Made from knit. Suitable for minimal looks and wedding occasions.
P1578,Palazzo Pants,bottoms,streetwear,green,party,satin,9100,green streetwear Palazzo Pants for party. Made from satin. Suitable for streetwear looks and party occasions.
P1579,Sandals,shoes,casual,white,festive,cotton,7500,white casual Sandals for festive. Made from cotton. Suitable for casual looks and festive occasions.
P1580,Palazzo Pants,bottoms,casual,pink,wedding,silk,9400,pink casual Palazzo Pants for wedding. Made from silk. Suitable for casual looks and wedding occasions.
P1581,Straight Jeans,bottoms,traditional,pink,party,polyester,9200,pink traditional Straight Jeans for party. Made from polyester. Suitable for traditional looks and party occasions.
P1582,Shoulder Bag,accessories,traditional,green,date,satin,9500,green traditional Shoulder Bag for date. Made from satin. Suitable for traditional looks and date occasions.
P1583,Wrap Dress,dresses,streetwear,lavender,everyday,polyester,3400,lavender streetwear Wrap Dress for everyday. Made from polyester. Suitable for streetwear looks and everyday occasions.
P1584,Palazzo Pants,bottoms,formal,red,college,knit,4900,red formal Palazzo Pants for college. Made from knit. Suitable for formal looks and college occasions.
P1585,Crop Top,tops,streetwear,blue,college,knit,2900,blue streetwear Crop Top for college. Made from knit. Suitable for streetwear looks and college occasions.
P1586,Pleated Skirt,bottoms,minimal,beige,college,satin,5700,beige minimal Pleated Skirt for college. Made from satin. Suitable for minimal looks and college occasions.
P1587,Sharara Set,ethnic,formal,brown,travel,knit,5700,brown formal Sharara Set for travel. Made from knit. Suitable for formal looks and travel occasions.
P1588,Wide Leg Trousers,bottoms,traditional,pink,date,polyester,3100,pink traditional Wide Leg Trousers for date. Made from polyester. Suitable for traditional looks and date occasions.
P1589,Watch,accessories,trendy,white,party,denim,8100,white trendy Watch for party. Made from denim. Suitable for trendy looks and party occasions.
P1590,Wrap Dress,dresses,trendy,beige,party,silk,9600,beige trendy Wrap Dress for party. Made from silk. Suitable for trendy looks and party occasions.
P1591,Palazzo Pants,bottoms,casual,blue,wedding,knit,3200,blue casual Palazzo Pants for wedding. Made from knit. Suitable for casual looks and wedding occasions.
P1592,Shoulder Bag,accessories,minimal,lavender,office,polyester,2500,lavender minimal Shoulder Bag for office. Made from polyester. Suitable for minimal looks and office occasions.
P1593,Pleated Skirt,bottoms,formal,beige,college,cotton,5200,beige formal Pleated Skirt for college. Made from cotton. Suitable for formal looks and college occasions.
P1594,Straight Jeans,bottoms,elegant,white,travel,satin,6200,white elegant Straight Jeans for travel. Made from satin. Suitable for elegant looks and travel occasions.
P1595,Knit Top,tops,casual,black,office,linen,5700,black casual Knit Top for office. Made from linen. Suitable for casual looks and office occasions.
P1596,Palazzo Pants,bottoms,formal,lavender,party,polyester,5500,lavender formal Palazzo Pants for party. Made from polyester. Suitable for formal looks and party occasions.
P1597,Shoulder Bag,accessories,streetwear,brown,festive,denim,8700,brown streetwear Shoulder Bag for festive. Made from denim. Suitable for streetwear looks and festive occasions.
P1598,Statement Earrings,accessories,minimal,black,office,cotton,1700,black minimal Statement Earrings for office. Made from cotton. Suitable for minimal looks and office occasions.
P1599,Bodycon Dress,dresses,formal,navy,wedding,cotton,8200,navy formal Bodycon Dress for wedding. Made from cotton. Suitable for formal looks and wedding occasions.
P1600,Sandals,shoes,trendy,pink,office,knit,8200,pink trendy Sandals for office. Made from knit. Suitable for trendy looks and office occasions.
P1601,Knit Top,tops,trendy,red,date,satin,2300,red trendy Knit Top for date. Made from satin. Suitable for trendy looks and date occasions.
P1602,Wrap Dress,dresses,elegant,navy,party,silk,9600,navy elegant Wrap Dress for party. Made from silk. Suitable for elegant looks and party occasions.
P1603,Bodycon Dress,dresses,traditional,navy,everyday,cotton,7300,navy traditional Bodycon Dress for everyday. Made from cotton. Suitable for traditional looks and everyday occasions.
P1604,Sandals,shoes,formal,white,wedding,polyester,2200,white formal Sandals for wedding. Made from polyester. Suitable for formal looks and wedding occasions.
P1605,Oversized Shirt,tops,formal,beige,college,satin,6400,beige formal Oversized Shirt for college. Made from satin. Suitable for formal looks and college occasions.
P1606,Anarkali,ethnic,elegant,beige,wedding,polyester,2700,beige elegant Anarkali for wedding. Made from polyester. Suitable for elegant looks and wedding occasions.
P1607,Shirt Dress,dresses,minimal,black,office,cotton,7100,black minimal Shirt Dress for office. Made from cotton. Suitable for minimal looks and office occasions.
P1608,Saree,ethnic,traditional,beige,festive,polyester,700,beige traditional Saree for festive. Made from polyester. Suitable for traditional looks and festive occasions.
P1609,Blouse,tops,elegant,navy,date,polyester,7500,navy elegant Blouse for date. Made from polyester. Suitable for elegant looks and date occasions.
P1610,Straight Jeans,bottoms,traditional,brown,travel,satin,5200,brown traditional Straight Jeans for travel. Made from satin. Suitable for traditional looks and travel occasions.
P1611,Sandals,shoes,traditional,blue,office,polyester,1200,blue traditional Sandals for office. Made from polyester. Suitable for traditional looks and office occasions.
P1612,Satin Top,tops,casual,beige,date,knit,3400,beige casual Satin Top for date. Made from knit. Suitable for casual looks and date occasions.
P1613,Oversized Shirt,tops,traditional,blue,travel,denim,2300,blue traditional Oversized Shirt for travel. Made from denim. Suitable for traditional looks and travel occasions.
P1614,Watch,accessories,trendy,white,date,denim,5500,white trendy Watch for date. Made from denim. Suitable for trendy looks and date occasions.
P1615,Tote Bag,accessories,trendy,brown,office,denim,9300,brown trendy Tote Bag for office. Made from denim. Suitable for trendy looks and office occasions.
P1616,Straight Jeans,bottoms,traditional,blue,office,polyester,4100,blue traditional Straight Jeans for office. Made from polyester. Suitable for traditional looks and office occasions.
P1617,Tote Bag,accessories,formal,green,party,silk,2600,green formal Tote Bag for party. Made from silk. Suitable for formal looks and party occasions.
P1618,Sharara Set,ethnic,trendy,black,wedding,cotton,4100,black trendy Sharara Set for wedding. Made from cotton. Suitable for trendy looks and wedding occasions.
P1619,Shirt Dress,dresses,elegant,navy,festive,cotton,4900,navy elegant Shirt Dress for festive. Made from cotton. Suitable for elegant looks and festive occasions.
P1620,Shoulder Bag,accessories,minimal,green,date,linen,3500,green minimal Shoulder Bag for date. Made from linen. Suitable for minimal looks and date occasions.
P1621,Anarkali,ethnic,elegant,red,wedding,silk,2000,red elegant Anarkali for wedding. Made from silk. Suitable for elegant looks and wedding occasions.
P1622,Maxi Dress,dresses,traditional,pink,everyday,cotton,7400,pink traditional Maxi Dress for everyday. Made from cotton. Suitable for traditional looks and everyday occasions.
P1623,Lehenga,ethnic,streetwear,pink,date,satin,1900,pink streetwear Lehenga for date. Made from satin. Suitable for streetwear looks and date occasions.
P1624,Maxi Dress,dresses,minimal,red,party,denim,9300,red minimal Maxi Dress for party. Made from denim. Suitable for minimal looks and party occasions.
P1625,Sandals,shoes,traditional,red,everyday,satin,2300,red traditional Sandals for everyday. Made from satin. Suitable for traditional looks and everyday occasions.
P1626,Anarkali,ethnic,formal,navy,party,polyester,2300,navy formal Anarkali for party. Made from polyester. Suitable for formal looks and party occasions.
P1627,Knit Top,tops,traditional,pink,college,polyester,8800,pink traditional Knit Top for college. Made from polyester. Suitable for traditional looks and college occasions.
P1628,Kurta Set,ethnic,formal,lavender,festive,polyester,6500,lavender formal Kurta Set for festive. Made from polyester. Suitable for formal looks and festive occasions.
P1629,Knit Top,tops,minimal,brown,date,denim,6100,brown minimal Knit Top for date. Made from denim. Suitable for minimal looks and date occasions.
P1630,Sneakers,shoes,minimal,white,date,silk,4700,white minimal Sneakers for date. Made from silk. Suitable for minimal looks and date occasions.
P1631,Midi Dress,dresses,elegant,blue,office,linen,8000,blue elegant Midi Dress for office. Made from linen. Suitable for elegant looks and office occasions.
P1632,Midi Dress,dresses,formal,pink,everyday,knit,800,pink formal Midi Dress for everyday. Made from knit. Suitable for formal looks and everyday occasions.
P1633,Straight Jeans,bottoms,trendy,brown,office,silk,800,brown trendy Straight Jeans for office. Made from silk. Suitable for trendy looks and office occasions.
P1634,Sneakers,shoes,streetwear,black,festive,polyester,7500,black streetwear Sneakers for festive. Made from polyester. Suitable for streetwear looks and festive occasions.
P1635,Clutch,accessories,casual,navy,college,satin,6400,navy casual Clutch for college. Made from satin. Suitable for casual looks and college occasions.
P1636,Oversized Shirt,tops,casual,beige,office,denim,2400,beige casual Oversized Shirt for office. Made from denim. Suitable for casual looks and office occasions.
P1637,Loafers,shoes,elegant,red,everyday,silk,2800,red elegant Loafers for everyday. Made from silk. Suitable for elegant looks and everyday occasions.
P1638,Anarkali,ethnic,minimal,blue,office,denim,4500,blue minimal Anarkali for office. Made from denim. Suitable for minimal looks and office occasions.
P1639,Palazzo Pants,bottoms,minimal,blue,college,polyester,8700,blue minimal Palazzo Pants for college. Made from polyester. Suitable for minimal looks and college occasions.
P1640,Flats,shoes,casual,pink,college,silk,8600,pink casual Flats for college. Made from silk. Suitable for casual looks and college occasions.
P1641,Wide Leg Trousers,bottoms,minimal,black,everyday,denim,4500,black minimal Wide Leg Trousers for everyday. Made from denim. Suitable for minimal looks and everyday occasions.
P1642,Anarkali,ethnic,elegant,green,party,silk,5200,green elegant Anarkali for party. Made from silk. Suitable for elegant looks and party occasions.
P1643,Midi Dress,dresses,trendy,brown,wedding,cotton,7400,brown trendy Midi Dress for wedding. Made from cotton. Suitable for trendy looks and wedding occasions.
P1644,Sneakers,shoes,trendy,white,everyday,cotton,2600,white trendy Sneakers for everyday. Made from cotton. Suitable for trendy looks and everyday occasions.
P1645,Clutch,accessories,casual,brown,festive,denim,4500,brown casual Clutch for festive. Made from denim. Suitable for casual looks and festive occasions.
P1646,Sharara Set,ethnic,casual,navy,date,cotton,6300,navy casual Sharara Set for date. Made from cotton. Suitable for casual looks and date occasions.
P1647,Statement Earrings,accessories,casual,beige,travel,polyester,6200,beige casual Statement Earrings for travel. Made from polyester. Suitable for casual looks and travel occasions.
P1648,Wrap Dress,dresses,streetwear,blue,office,linen,4300,blue streetwear Wrap Dress for office. Made from linen. Suitable for streetwear looks and office occasions.
P1649,Maxi Dress,dresses,trendy,red,travel,cotton,2700,red trendy Maxi Dress for travel. Made from cotton. Suitable for trendy looks and travel occasions.
P1650,Tote Bag,accessories,trendy,pink,office,silk,6900,pink trendy Tote Bag for office. Made from silk. Suitable for trendy looks and office occasions.
P1651,Flats,shoes,streetwear,beige,travel,knit,5800,beige streetwear Flats for travel. Made from knit. Suitable for streetwear looks and travel occasions.
P1652,Flats,shoes,casual,white,office,knit,900,white casual Flats for office. Made from knit. Suitable for casual looks and office occasions.
P1653,Crop Top,tops,minimal,navy,college,knit,9400,navy minimal Crop Top for college. Made from knit. Suitable for minimal looks and college occasions.
P1654,Satin Top,tops,formal,green,festive,satin,800,green formal Satin Top for festive. Made from satin. Suitable for formal looks and festive occasions.
P1655,Pleated Skirt,bottoms,minimal,pink,everyday,cotton,6100,pink minimal Pleated Skirt for everyday. Made from cotton. Suitable for minimal looks and everyday occasions.
P1656,Oversized Shirt,tops,casual,navy,party,linen,4200,navy casual Oversized Shirt for party. Made from linen. Suitable for casual looks and party occasions.
P1657,Wrap Dress,dresses,formal,blue,festive,linen,6700,blue formal Wrap Dress for festive. Made from linen. Suitable for formal looks and festive occasions.
P1658,Shoulder Bag,accessories,formal,navy,party,linen,8200,navy formal Shoulder Bag for party. Made from linen. Suitable for formal looks and party occasions.
P1659,Tote Bag,accessories,casual,white,party,silk,1100,white casual Tote Bag for party. Made from silk. Suitable for casual looks and party occasions.
P1660,Kurta Set,ethnic,casual,red,college,satin,3200,red casual Kurta Set for college. Made from satin. Suitable for casual looks and college occasions.
P1661,Midi Dress,dresses,trendy,red,date,polyester,8800,red trendy Midi Dress for date. Made from polyester. Suitable for trendy looks and date occasions.
P1662,Crop Top,tops,minimal,red,everyday,cotton,7200,red minimal Crop Top for everyday. Made from cotton. Suitable for minimal looks and everyday occasions.
P1663,Wide Leg Trousers,bottoms,minimal,white,date,denim,4200,white minimal Wide Leg Trousers for date. Made from denim. Suitable for minimal looks and date occasions.
P1664,Sharara Set,ethnic,casual,green,college,linen,1200,green casual Sharara Set for college. Made from linen. Suitable for casual looks and college occasions.
P1665,Midi Dress,dresses,formal,green,wedding,denim,6700,green formal Midi Dress for wedding. Made from denim. Suitable for formal looks and wedding occasions.
P1666,Lehenga,ethnic,elegant,red,party,denim,6900,red elegant Lehenga for party. Made from denim. Suitable for elegant looks and party occasions.
P1667,Saree,ethnic,minimal,white,office,polyester,800,white minimal Saree for office. Made from polyester. Suitable for minimal looks and office occasions.
P1668,Watch,accessories,streetwear,beige,travel,denim,5300,beige streetwear Watch for travel. Made from denim. Suitable for streetwear looks and travel occasions.
P1669,Watch,accessories,traditional,lavender,travel,linen,9000,lavender traditional Watch for travel. Made from linen. Suitable for traditional looks and travel occasions.
P1670,Kurta Set,ethnic,traditional,red,office,cotton,2300,red traditional Kurta Set for office. Made from cotton. Suitable for traditional looks and office occasions.
P1671,Watch,accessories,elegant,black,wedding,linen,9700,black elegant Watch for wedding. Made from linen. Suitable for elegant looks and wedding occasions.
P1672,Wide Leg Trousers,bottoms,elegant,navy,travel,denim,9900,navy elegant Wide Leg Trousers for travel. Made from denim. Suitable for elegant looks and travel occasions.
P1673,Straight Jeans,bottoms,traditional,beige,college,linen,3100,beige traditional Straight Jeans for college. Made from linen. Suitable for traditional looks and college occasions.
P1674,Palazzo Pants,bottoms,streetwear,navy,travel,denim,6400,navy streetwear Palazzo Pants for travel. Made from denim. Suitable for streetwear looks and travel occasions.
P1675,Shoulder Bag,accessories,trendy,white,everyday,silk,7400,white trendy Shoulder Bag for everyday. Made from silk. Suitable for trendy looks and everyday occasions.
P1676,Block Heels,shoes,casual,lavender,date,polyester,2300,lavender casual Block Heels for date. Made from polyester. Suitable for casual looks and date occasions.
P1677,Anarkali,ethnic,traditional,black,wedding,polyester,5700,black traditional Anarkali for wedding. Made from polyester. Suitable for traditional looks and wedding occasions.
P1678,Wide Leg Trousers,bottoms,casual,brown,festive,satin,5600,brown casual Wide Leg Trousers for festive. Made from satin. Suitable for casual looks and festive occasions.
P1679,Palazzo Pants,bottoms,casual,beige,college,linen,8000,beige casual Palazzo Pants for college. Made from linen. Suitable for casual looks and college occasions.
P1680,Oversized Shirt,tops,formal,black,everyday,satin,9700,black formal Oversized Shirt for everyday. Made from satin. Suitable for formal looks and everyday occasions.
P1681,Watch,accessories,minimal,pink,wedding,denim,9700,pink minimal Watch for wedding. Made from denim. Suitable for minimal looks and wedding occasions.
P1682,Lehenga,ethnic,elegant,beige,wedding,cotton,7500,beige elegant Lehenga for wedding. Made from cotton. Suitable for elegant looks and wedding occasions.
P1683,Blouse,tops,elegant,beige,date,linen,4100,beige elegant Blouse for date. Made from linen. Suitable for elegant looks and date occasions.
P1684,Maxi Dress,dresses,streetwear,blue,office,cotton,9000,blue streetwear Maxi Dress for office. Made from cotton. Suitable for streetwear looks and office occasions.
P1685,Lehenga,ethnic,minimal,green,office,polyester,7700,green minimal Lehenga for office. Made from polyester. Suitable for minimal looks and office occasions.
P1686,Kurta Set,ethnic,trendy,lavender,date,denim,1400,lavender trendy Kurta Set for date. Made from denim. Suitable for trendy looks and date occasions.
P1687,Shoulder Bag,accessories,streetwear,green,wedding,polyester,4200,green streetwear Shoulder Bag for wedding. Made from polyester. Suitable for streetwear looks and wedding occasions.
P1688,Blouse,tops,elegant,navy,office,polyester,9500,navy elegant Blouse for office. Made from polyester. Suitable for elegant looks and office occasions.
P1689,Palazzo Pants,bottoms,streetwear,lavender,wedding,knit,6300,lavender streetwear Palazzo Pants for wedding. Made from knit. Suitable for streetwear looks and wedding occasions.
P1690,Blouse,tops,minimal,blue,festive,linen,6400,blue minimal Blouse for festive. Made from linen. Suitable for minimal looks and festive occasions.
P1691,Knit Top,tops,minimal,beige,everyday,cotton,7000,beige minimal Knit Top for everyday. Made from cotton. Suitable for minimal looks and everyday occasions.
P1692,Knit Top,tops,casual,beige,wedding,satin,6900,beige casual Knit Top for wedding. Made from satin. Suitable for casual looks and wedding occasions.
P1693,Tote Bag,accessories,formal,pink,college,denim,2700,pink formal Tote Bag for college. Made from denim. Suitable for formal looks and college occasions.
P1694,Knit Top,tops,formal,lavender,wedding,cotton,2500,lavender formal Knit Top for wedding. Made from cotton. Suitable for formal looks and wedding occasions.
P1695,Bodycon Dress,dresses,casual,brown,festive,cotton,9900,brown casual Bodycon Dress for festive. Made from cotton. Suitable for casual looks and festive occasions.
P1696,Sneakers,shoes,formal,black,office,silk,5600,black formal Sneakers for office. Made from silk. Suitable for formal looks and office occasions.
P1697,Midi Dress,dresses,streetwear,black,college,linen,3800,black streetwear Midi Dress for college. Made from linen. Suitable for streetwear looks and college occasions.
P1698,Wrap Dress,dresses,casual,lavender,college,knit,800,lavender casual Wrap Dress for college. Made from knit. Suitable for casual looks and college occasions.
P1699,Shirt Dress,dresses,formal,green,office,linen,2400,green formal Shirt Dress for office. Made from linen. Suitable for formal looks and office occasions.
P1700,Pleated Skirt,bottoms,streetwear,beige,date,denim,6800,beige streetwear Pleated Skirt for date. Made from denim. Suitable for streetwear looks and date occasions.
P1701,Crop Top,tops,elegant,navy,date,polyester,7600,navy elegant Crop Top for date. Made from polyester. Suitable for elegant looks and date occasions.
P1702,Midi Dress,dresses,streetwear,black,office,satin,4400,black streetwear Midi Dress for office. Made from satin. Suitable for streetwear looks and office occasions.
P1703,Shirt Dress,dresses,streetwear,red,party,cotton,3500,red streetwear Shirt Dress for party. Made from cotton. Suitable for streetwear looks and party occasions.
P1704,Maxi Dress,dresses,trendy,red,party,denim,9000,red trendy Maxi Dress for party. Made from denim. Suitable for trendy looks and party occasions.
P1705,Kurta Set,ethnic,formal,red,office,silk,2800,red formal Kurta Set for office. Made from silk. Suitable for formal looks and office occasions.
P1706,Maxi Dress,dresses,elegant,pink,travel,cotton,8500,pink elegant Maxi Dress for travel. Made from cotton. Suitable for elegant looks and travel occasions.
P1707,Anarkali,ethnic,minimal,white,college,satin,2600,white minimal Anarkali for college. Made from satin. Suitable for minimal looks and college occasions.
P1708,Knit Top,tops,traditional,green,party,polyester,6100,green traditional Knit Top for party. Made from polyester. Suitable for traditional looks and party occasions.
P1709,Blouse,tops,traditional,pink,travel,cotton,4100,pink traditional Blouse for travel. Made from cotton. Suitable for traditional looks and travel occasions.
P1710,Palazzo Pants,bottoms,minimal,white,college,knit,2600,white minimal Palazzo Pants for college. Made from knit. Suitable for minimal looks and college occasions.
P1711,Tote Bag,accessories,minimal,beige,festive,silk,9900,beige minimal Tote Bag for festive. Made from silk. Suitable for minimal looks and festive occasions.
P1712,Wide Leg Trousers,bottoms,elegant,lavender,festive,polyester,4200,lavender elegant Wide Leg Trousers for festive. Made from polyester. Suitable for elegant looks and festive occasions.
P1713,Satin Top,tops,minimal,beige,party,knit,5600,beige minimal Satin Top for party. Made from knit. Suitable for minimal looks and party occasions.
P1714,Saree,ethnic,trendy,red,everyday,polyester,5900,red trendy Saree for everyday. Made from polyester. Suitable for trendy looks and everyday occasions.
P1715,Loafers,shoes,casual,blue,festive,silk,7700,blue casual Loafers for festive. Made from silk. Suitable for casual looks and festive occasions.
P1716,Pleated Skirt,bottoms,traditional,navy,wedding,silk,1700,navy traditional Pleated Skirt for wedding. Made from silk. Suitable for traditional looks and wedding occasions.
P1717,Flats,shoes,traditional,lavender,wedding,polyester,1800,lavender traditional Flats for wedding. Made from polyester. Suitable for traditional looks and wedding occasions.
P1718,Blouse,tops,elegant,blue,college,denim,7800,blue elegant Blouse for college. Made from denim. Suitable for elegant looks and college occasions.
P1719,Straight Jeans,bottoms,elegant,black,travel,denim,2400,black elegant Straight Jeans for travel. Made from denim. Suitable for elegant looks and travel occasions.
P1720,Sharara Set,ethnic,casual,navy,festive,linen,3300,navy casual Sharara Set for festive. Made from linen. Suitable for casual looks and festive occasions.
P1721,Satin Top,tops,formal,beige,office,polyester,9700,beige formal Satin Top for office. Made from polyester. Suitable for formal looks and office occasions.
P1722,Knit Top,tops,formal,black,festive,denim,1300,black formal Knit Top for festive. Made from denim. Suitable for formal looks and festive occasions.
P1723,Shoulder Bag,accessories,formal,lavender,office,silk,8300,lavender formal Shoulder Bag for office. Made from silk. Suitable for formal looks and office occasions.
P1724,Satin Top,tops,casual,green,party,cotton,3800,green casual Satin Top for party. Made from cotton. Suitable for casual looks and party occasions.
P1725,Midi Dress,dresses,traditional,red,party,knit,3000,red traditional Midi Dress for party. Made from knit. Suitable for traditional looks and party occasions.
P1726,Straight Jeans,bottoms,formal,navy,date,silk,5900,navy formal Straight Jeans for date. Made from silk. Suitable for formal looks and date occasions.
P1727,Clutch,accessories,trendy,black,date,cotton,2600,black trendy Clutch for date. Made from cotton. Suitable for trendy looks and date occasions.
P1728,Midi Dress,dresses,traditional,beige,party,cotton,5700,beige traditional Midi Dress for party. Made from cotton. Suitable for traditional looks and party occasions.
P1729,Pleated Skirt,bottoms,traditional,pink,date,polyester,3600,pink traditional Pleated Skirt for date. Made from polyester. Suitable for traditional looks and date occasions.
P1730,Straight Jeans,bottoms,minimal,white,festive,linen,3400,white minimal Straight Jeans for festive. Made from linen. Suitable for minimal looks and festive occasions.
P1731,Wide Leg Trousers,bottoms,casual,red,party,knit,7800,red casual Wide Leg Trousers for party. Made from knit. Suitable for casual looks and party occasions.
P1732,Block Heels,shoes,streetwear,brown,everyday,denim,9000,brown streetwear Block Heels for everyday. Made from denim. Suitable for streetwear looks and everyday occasions.
P1733,Statement Earrings,accessories,streetwear,red,party,cotton,5400,red streetwear Statement Earrings for party. Made from cotton. Suitable for streetwear looks and party occasions.
P1734,Statement Earrings,accessories,casual,pink,office,cotton,1600,pink casual Statement Earrings for office. Made from cotton. Suitable for casual looks and office occasions.
P1735,Lehenga,ethnic,streetwear,green,college,linen,4300,green streetwear Lehenga for college. Made from linen. Suitable for streetwear looks and college occasions.
P1736,Oversized Shirt,tops,elegant,white,wedding,satin,800,white elegant Oversized Shirt for wedding. Made from satin. Suitable for elegant looks and wedding occasions.
P1737,Kurta Set,ethnic,traditional,blue,college,linen,4100,blue traditional Kurta Set for college. Made from linen. Suitable for traditional looks and college occasions.
P1738,Shirt Dress,dresses,traditional,black,everyday,cotton,1300,black traditional Shirt Dress for everyday. Made from cotton. Suitable for traditional looks and everyday occasions.
P1739,Anarkali,ethnic,minimal,black,travel,knit,4300,black minimal Anarkali for travel. Made from knit. Suitable for minimal looks and travel occasions.
P1740,Straight Jeans,bottoms,minimal,red,travel,linen,9600,red minimal Straight Jeans for travel. Made from linen. Suitable for minimal looks and travel occasions.
P1741,Shoulder Bag,accessories,minimal,red,office,satin,2600,red minimal Shoulder Bag for office. Made from satin. Suitable for minimal looks and office occasions.
P1742,Shirt Dress,dresses,streetwear,red,everyday,satin,1100,red streetwear Shirt Dress for everyday. Made from satin. Suitable for streetwear looks and everyday occasions.
P1743,Kurta Set,ethnic,casual,brown,office,polyester,1800,brown casual Kurta Set for office. Made from polyester. Suitable for casual looks and office occasions.
P1744,Tote Bag,accessories,casual,beige,party,satin,7300,beige casual Tote Bag for party. Made from satin. Suitable for casual looks and party occasions.
P1745,Watch,accessories,formal,navy,travel,silk,2300,navy formal Watch for travel. Made from silk. Suitable for formal looks and travel occasions.
P1746,Saree,ethnic,minimal,lavender,festive,cotton,9800,lavender minimal Saree for festive. Made from cotton. Suitable for minimal looks and festive occasions.
P1747,Statement Earrings,accessories,casual,blue,office,linen,7900,blue casual Statement Earrings for office. Made from linen. Suitable for casual looks and office occasions.
P1748,Statement Earrings,accessories,elegant,black,party,knit,4600,black elegant Statement Earrings for party. Made from knit. Suitable for elegant looks and party occasions.
P1749,Block Heels,shoes,trendy,white,everyday,denim,2800,white trendy Block Heels for everyday. Made from denim. Suitable for trendy looks and everyday occasions.
P1750,Kurta Set,ethnic,elegant,pink,travel,denim,1800,pink elegant Kurta Set for travel. Made from denim. Suitable for elegant looks and travel occasions.
P1751,Maxi Dress,dresses,formal,brown,date,silk,3900,brown formal Maxi Dress for date. Made from silk. Suitable for formal looks and date occasions.
P1752,Straight Jeans,bottoms,elegant,lavender,everyday,cotton,5300,lavender elegant Straight Jeans for everyday. Made from cotton. Suitable for elegant looks and everyday occasions.
P1753,Sharara Set,ethnic,trendy,lavender,party,silk,5300,lavender trendy Sharara Set for party. Made from silk. Suitable for trendy looks and party occasions.
P1754,Sandals,shoes,minimal,green,office,polyester,5900,green minimal Sandals for office. Made from polyester. Suitable for minimal looks and office occasions.
P1755,Flats,shoes,minimal,black,college,polyester,3800,black minimal Flats for college. Made from polyester. Suitable for minimal looks and college occasions.
P1756,Watch,accessories,elegant,beige,office,denim,5500,beige elegant Watch for office. Made from denim. Suitable for elegant looks and office occasions.
P1757,Oversized Shirt,tops,trendy,white,wedding,silk,6600,white trendy Oversized Shirt for wedding. Made from silk. Suitable for trendy looks and wedding occasions.
P1758,Shoulder Bag,accessories,minimal,brown,everyday,polyester,7500,brown minimal Shoulder Bag for everyday. Made from polyester. Suitable for minimal looks and everyday occasions.
P1759,Wide Leg Trousers,bottoms,elegant,beige,office,silk,6200,beige elegant Wide Leg Trousers for office. Made from silk. Suitable for elegant looks and office occasions.
P1760,Knit Top,tops,minimal,white,travel,denim,8400,white minimal Knit Top for travel. Made from denim. Suitable for minimal looks and travel occasions.
P1761,Straight Jeans,bottoms,formal,brown,office,denim,6500,brown formal Straight Jeans for office. Made from denim. Suitable for formal looks and office occasions.
P1762,Shirt Dress,dresses,casual,brown,party,polyester,3400,brown casual Shirt Dress for party. Made from polyester. Suitable for casual looks and party occasions.
P1763,Lehenga,ethnic,elegant,lavender,festive,cotton,5300,lavender elegant Lehenga for festive. Made from cotton. Suitable for elegant looks and festive occasions.
P1764,Pleated Skirt,bottoms,casual,black,wedding,knit,900,black casual Pleated Skirt for wedding. Made from knit. Suitable for casual looks and wedding occasions.
P1765,Statement Earrings,accessories,minimal,pink,party,cotton,2500,pink minimal Statement Earrings for party. Made from cotton. Suitable for minimal looks and party occasions.
P1766,Wrap Dress,dresses,trendy,white,date,knit,9800,white trendy Wrap Dress for date. Made from knit. Suitable for trendy looks and date occasions.
P1767,Pleated Skirt,bottoms,traditional,blue,date,linen,1300,blue traditional Pleated Skirt for date. Made from linen. Suitable for traditional looks and date occasions.
P1768,Bodycon Dress,dresses,minimal,pink,party,linen,5100,pink minimal Bodycon Dress for party. Made from linen. Suitable for minimal looks and party occasions.
P1769,Pleated Skirt,bottoms,trendy,navy,party,polyester,6200,navy trendy Pleated Skirt for party. Made from polyester. Suitable for trendy looks and party occasions.
P1770,Lehenga,ethnic,trendy,black,wedding,cotton,9900,black trendy Lehenga for wedding. Made from cotton. Suitable for trendy looks and wedding occasions.
P1771,Watch,accessories,traditional,beige,travel,polyester,4700,beige traditional Watch for travel. Made from polyester. Suitable for traditional looks and travel occasions.
P1772,Maxi Dress,dresses,trendy,beige,everyday,knit,4700,beige trendy Maxi Dress for everyday. Made from knit. Suitable for trendy looks and everyday occasions.
P1773,Bodycon Dress,dresses,minimal,navy,college,silk,2300,navy minimal Bodycon Dress for college. Made from silk. Suitable for minimal looks and college occasions.
P1774,Statement Earrings,accessories,formal,lavender,office,cotton,3400,lavender formal Statement Earrings for office. Made from cotton. Suitable for formal looks and office occasions.
P1775,Tote Bag,accessories,trendy,navy,party,satin,5500,navy trendy Tote Bag for party. Made from satin. Suitable for trendy looks and party occasions.
P1776,Blouse,tops,casual,blue,college,denim,5300,blue casual Blouse for college. Made from denim. Suitable for casual looks and college occasions.
P1777,Wrap Dress,dresses,minimal,navy,office,polyester,7000,navy minimal Wrap Dress for office. Made from polyester. Suitable for minimal looks and office occasions.
P1778,Statement Earrings,accessories,trendy,red,travel,denim,7600,red trendy Statement Earrings for travel. Made from denim. Suitable for trendy looks and travel occasions.
P1779,Palazzo Pants,bottoms,elegant,beige,everyday,silk,5400,beige elegant Palazzo Pants for everyday. Made from silk. Suitable for elegant looks and everyday occasions.
P1780,Oversized Shirt,tops,traditional,beige,festive,silk,4300,beige traditional Oversized Shirt for festive. Made from silk. Suitable for traditional looks and festive occasions.
P1781,Statement Earrings,accessories,formal,pink,office,cotton,2000,pink formal Statement Earrings for office. Made from cotton. Suitable for formal looks and office occasions.
P1782,Midi Dress,dresses,traditional,red,office,silk,8600,red traditional Midi Dress for office. Made from silk. Suitable for traditional looks and office occasions.
P1783,Block Heels,shoes,formal,brown,college,polyester,4400,brown formal Block Heels for college. Made from polyester. Suitable for formal looks and college occasions.
P1784,Straight Jeans,bottoms,casual,brown,festive,cotton,3200,brown casual Straight Jeans for festive. Made from cotton. Suitable for casual looks and festive occasions.
P1785,Wide Leg Trousers,bottoms,minimal,brown,festive,knit,8900,brown minimal Wide Leg Trousers for festive. Made from knit. Suitable for minimal looks and festive occasions.
P1786,Statement Earrings,accessories,elegant,green,wedding,satin,4300,green elegant Statement Earrings for wedding. Made from satin. Suitable for elegant looks and wedding occasions.
P1787,Saree,ethnic,minimal,red,wedding,cotton,6000,red minimal Saree for wedding. Made from cotton. Suitable for minimal looks and wedding occasions.
P1788,Midi Dress,dresses,elegant,beige,travel,knit,7300,beige elegant Midi Dress for travel. Made from knit. Suitable for elegant looks and travel occasions.
P1789,Watch,accessories,minimal,green,party,satin,6200,green minimal Watch for party. Made from satin. Suitable for minimal looks and party occasions.
P1790,Oversized Shirt,tops,trendy,blue,festive,knit,1300,blue trendy Oversized Shirt for festive. Made from knit. Suitable for trendy looks and festive occasions.
P1791,Flats,shoes,casual,red,party,silk,4700,red casual Flats for party. Made from silk. Suitable for casual looks and party occasions.
P1792,Sneakers,shoes,trendy,blue,office,polyester,2300,blue trendy Sneakers for office. Made from polyester. Suitable for trendy looks and office occasions.
P1793,Block Heels,shoes,formal,lavender,festive,knit,8700,lavender formal Block Heels for festive. Made from knit. Suitable for formal looks and festive occasions.
P1794,Lehenga,ethnic,casual,green,wedding,cotton,1800,green casual Lehenga for wedding. Made from cotton. Suitable for casual looks and wedding occasions.
P1795,Bodycon Dress,dresses,elegant,lavender,party,cotton,8600,lavender elegant Bodycon Dress for party. Made from cotton. Suitable for elegant looks and party occasions.
P1796,Watch,accessories,elegant,lavender,festive,cotton,2300,lavender elegant Watch for festive. Made from cotton. Suitable for elegant looks and festive occasions.
P1797,Palazzo Pants,bottoms,casual,blue,wedding,denim,3100,blue casual Palazzo Pants for wedding. Made from denim. Suitable for casual looks and wedding occasions.
P1798,Sneakers,shoes,formal,red,date,polyester,1300,red formal Sneakers for date. Made from polyester. Suitable for formal looks and date occasions.
P1799,Anarkali,ethnic,casual,black,office,cotton,6500,black casual Anarkali for office. Made from cotton. Suitable for casual looks and office occasions.
P1800,Block Heels,shoes,elegant,beige,date,denim,3000,beige elegant Block Heels for date. Made from denim. Suitable for elegant looks and date occasions.
P1801,Midi Dress,dresses,trendy,green,wedding,silk,1900,green trendy Midi Dress for wedding. Made from silk. Suitable for trendy looks and wedding occasions.
P1802,Wide Leg Trousers,bottoms,trendy,white,everyday,polyester,1600,white trendy Wide Leg Trousers for everyday. Made from polyester. Suitable for trendy looks and everyday occasions.
P1803,Knit Top,tops,trendy,green,everyday,knit,2700,green trendy Knit Top for everyday. Made from knit. Suitable for trendy looks and everyday occasions.
P1804,Blouse,tops,elegant,beige,college,cotton,5000,beige elegant Blouse for college. Made from cotton. Suitable for elegant looks and college occasions.
P1805,Sharara Set,ethnic,traditional,lavender,college,linen,7300,lavender traditional Sharara Set for college. Made from linen. Suitable for traditional looks and college occasions.
P1806,Clutch,accessories,elegant,blue,college,satin,900,blue elegant Clutch for college. Made from satin. Suitable for elegant looks and college occasions.
P1807,Sandals,shoes,streetwear,beige,wedding,knit,5300,beige streetwear Sandals for wedding. Made from knit. Suitable for streetwear looks and wedding occasions.
P1808,Maxi Dress,dresses,elegant,green,party,linen,1700,green elegant Maxi Dress for party. Made from linen. Suitable for elegant looks and party occasions.
P1809,Tote Bag,accessories,minimal,pink,everyday,linen,1800,pink minimal Tote Bag for everyday. Made from linen. Suitable for minimal looks and everyday occasions.
P1810,Lehenga,ethnic,formal,pink,everyday,polyester,7000,pink formal Lehenga for everyday. Made from polyester. Suitable for formal looks and everyday occasions.
P1811,Pleated Skirt,bottoms,casual,pink,party,linen,9400,pink casual Pleated Skirt for party. Made from linen. Suitable for casual looks and party occasions.
P1812,Clutch,accessories,trendy,white,date,linen,3300,white trendy Clutch for date. Made from linen. Suitable for trendy looks and date occasions.
P1813,Statement Earrings,accessories,trendy,brown,festive,satin,4100,brown trendy Statement Earrings for festive. Made from satin. Suitable for trendy looks and festive occasions.
P1814,Lehenga,ethnic,elegant,lavender,festive,silk,3200,lavender elegant Lehenga for festive. Made from silk. Suitable for elegant looks and festive occasions.
P1815,Loafers,shoes,minimal,white,everyday,linen,1100,white minimal Loafers for everyday. Made from linen. Suitable for minimal looks and everyday occasions.
P1816,Loafers,shoes,traditional,red,date,satin,8900,red traditional Loafers for date. Made from satin. Suitable for traditional looks and date occasions.
P1817,Loafers,shoes,trendy,black,office,linen,4800,black trendy Loafers for office. Made from linen. Suitable for trendy looks and office occasions.
P1818,Straight Jeans,bottoms,minimal,blue,office,linen,9100,blue minimal Straight Jeans for office. Made from linen. Suitable for minimal looks and office occasions.
P1819,Saree,ethnic,casual,green,office,cotton,4700,green casual Saree for office. Made from cotton. Suitable for casual looks and office occasions.
P1820,Shoulder Bag,accessories,formal,green,wedding,silk,7900,green formal Shoulder Bag for wedding. Made from silk. Suitable for formal looks and wedding occasions.
P1821,Kurta Set,ethnic,traditional,white,festive,denim,8400,white traditional Kurta Set for festive. Made from denim. Suitable for traditional looks and festive occasions.
P1822,Oversized Shirt,tops,casual,white,date,polyester,8400,white casual Oversized Shirt for date. Made from polyester. Suitable for casual looks and date occasions.
P1823,Shoulder Bag,accessories,traditional,red,festive,denim,4700,red traditional Shoulder Bag for festive. Made from denim. Suitable for traditional looks and festive occasions.
P1824,Crop Top,tops,elegant,brown,everyday,cotton,4200,brown elegant Crop Top for everyday. Made from cotton. Suitable for elegant looks and everyday occasions.
P1825,Wide Leg Trousers,bottoms,elegant,brown,party,satin,4800,brown elegant Wide Leg Trousers for party. Made from satin. Suitable for elegant looks and party occasions.
P1826,Flats,shoes,casual,lavender,college,denim,900,lavender casual Flats for college. Made from denim. Suitable for casual looks and college occasions.
P1827,Watch,accessories,elegant,brown,date,linen,5800,brown elegant Watch for date. Made from linen. Suitable for elegant looks and date occasions.
P1828,Shirt Dress,dresses,traditional,black,travel,polyester,900,black traditional Shirt Dress for travel. Made from polyester. Suitable for traditional looks and travel occasions.
P1829,Bodycon Dress,dresses,elegant,red,date,denim,4700,red elegant Bodycon Dress for date. Made from denim. Suitable for elegant looks and date occasions.
P1830,Sharara Set,ethnic,elegant,navy,travel,silk,8500,navy elegant Sharara Set for travel. Made from silk. Suitable for elegant looks and travel occasions.
P1831,Bodycon Dress,dresses,minimal,brown,everyday,knit,8900,brown minimal Bodycon Dress for everyday. Made from knit. Suitable for minimal looks and everyday occasions.
P1832,Wrap Dress,dresses,traditional,white,college,linen,1300,white traditional Wrap Dress for college. Made from linen. Suitable for traditional looks and college occasions.
P1833,Maxi Dress,dresses,elegant,green,festive,linen,2800,green elegant Maxi Dress for festive. Made from linen. Suitable for elegant looks and festive occasions.
P1834,Maxi Dress,dresses,formal,green,college,polyester,1300,green formal Maxi Dress for college. Made from polyester. Suitable for formal looks and college occasions.
P1835,Anarkali,ethnic,elegant,black,date,cotton,4000,black elegant Anarkali for date. Made from cotton. Suitable for elegant looks and date occasions.
P1836,Lehenga,ethnic,streetwear,red,date,polyester,2800,red streetwear Lehenga for date. Made from polyester. Suitable for streetwear looks and date occasions.
P1837,Oversized Shirt,tops,trendy,white,party,denim,2500,white trendy Oversized Shirt for party. Made from denim. Suitable for trendy looks and party occasions.
P1838,Flats,shoes,formal,brown,office,satin,7400,brown formal Flats for office. Made from satin. Suitable for formal looks and office occasions.
P1839,Oversized Shirt,tops,trendy,brown,date,denim,6800,brown trendy Oversized Shirt for date. Made from denim. Suitable for trendy looks and date occasions.
P1840,Satin Top,tops,minimal,pink,office,denim,7800,pink minimal Satin Top for office. Made from denim. Suitable for minimal looks and office occasions.
P1841,Crop Top,tops,formal,white,office,silk,1400,white formal Crop Top for office. Made from silk. Suitable for formal looks and office occasions.
P1842,Satin Top,tops,formal,blue,everyday,knit,5600,blue formal Satin Top for everyday. Made from knit. Suitable for formal looks and everyday occasions.
P1843,Knit Top,tops,elegant,green,wedding,knit,8200,green elegant Knit Top for wedding. Made from knit. Suitable for elegant looks and wedding occasions.
P1844,Sandals,shoes,streetwear,green,date,polyester,6500,green streetwear Sandals for date. Made from polyester. Suitable for streetwear looks and date occasions.
P1845,Tote Bag,accessories,streetwear,navy,office,linen,3500,navy streetwear Tote Bag for office. Made from linen. Suitable for streetwear looks and office occasions.
P1846,Sharara Set,ethnic,trendy,lavender,wedding,knit,5800,lavender trendy Sharara Set for wedding. Made from knit. Suitable for trendy looks and wedding occasions.
P1847,Satin Top,tops,minimal,red,party,polyester,4600,red minimal Satin Top for party. Made from polyester. Suitable for minimal looks and party occasions.
P1848,Block Heels,shoes,casual,brown,office,polyester,2100,brown casual Block Heels for office. Made from polyester. Suitable for casual looks and office occasions.
P1849,Satin Top,tops,trendy,beige,date,cotton,6700,beige trendy Satin Top for date. Made from cotton. Suitable for trendy looks and date occasions.
P1850,Watch,accessories,trendy,green,date,cotton,7700,green trendy Watch for date. Made from cotton. Suitable for trendy looks and date occasions.
P1851,Wrap Dress,dresses,trendy,blue,party,silk,7100,blue trendy Wrap Dress for party. Made from silk. Suitable for trendy looks and party occasions.
P1852,Palazzo Pants,bottoms,elegant,brown,date,denim,1900,brown elegant Palazzo Pants for date. Made from denim. Suitable for elegant looks and date occasions.
P1853,Bodycon Dress,dresses,formal,red,wedding,denim,3100,red formal Bodycon Dress for wedding. Made from denim. Suitable for formal looks and wedding occasions.
P1854,Straight Jeans,bottoms,traditional,pink,everyday,satin,6200,pink traditional Straight Jeans for everyday. Made from satin. Suitable for traditional looks and everyday occasions.
P1855,Midi Dress,dresses,formal,blue,office,linen,2100,blue formal Midi Dress for office. Made from linen. Suitable for formal looks and office occasions.
P1856,Midi Dress,dresses,traditional,pink,wedding,cotton,7500,pink traditional Midi Dress for wedding. Made from cotton. Suitable for traditional looks and wedding occasions.
P1857,Wrap Dress,dresses,casual,lavender,festive,silk,5700,lavender casual Wrap Dress for festive. Made from silk. Suitable for casual looks and festive occasions.
P1858,Maxi Dress,dresses,formal,pink,everyday,linen,2800,pink formal Maxi Dress for everyday. Made from linen. Suitable for formal looks and everyday occasions.
P1859,Blouse,tops,formal,pink,date,polyester,700,pink formal Blouse for date. Made from polyester. Suitable for formal looks and date occasions.
P1860,Maxi Dress,dresses,traditional,lavender,everyday,polyester,4600,lavender traditional Maxi Dress for everyday. Made from polyester. Suitable for traditional looks and everyday occasions.
P1861,Tote Bag,accessories,casual,green,office,linen,3000,green casual Tote Bag for office. Made from linen. Suitable for casual looks and office occasions.
P1862,Sharara Set,ethnic,casual,black,everyday,silk,4900,black casual Sharara Set for everyday. Made from silk. Suitable for casual looks and everyday occasions.
P1863,Maxi Dress,dresses,minimal,white,party,polyester,800,white minimal Maxi Dress for party. Made from polyester. Suitable for minimal looks and party occasions.
P1864,Loafers,shoes,trendy,lavender,college,silk,3800,lavender trendy Loafers for college. Made from silk. Suitable for trendy looks and college occasions.
P1865,Wide Leg Trousers,bottoms,elegant,black,date,knit,3600,black elegant Wide Leg Trousers for date. Made from knit. Suitable for elegant looks and date occasions.
P1866,Sandals,shoes,casual,beige,office,cotton,4500,beige casual Sandals for office. Made from cotton. Suitable for casual looks and office occasions.
P1867,Clutch,accessories,trendy,brown,travel,satin,3900,brown trendy Clutch for travel. Made from satin. Suitable for trendy looks and travel occasions.
P1868,Statement Earrings,accessories,minimal,green,everyday,cotton,5200,green minimal Statement Earrings for everyday. Made from cotton. Suitable for minimal looks and everyday occasions.
P1869,Saree,ethnic,traditional,lavender,everyday,cotton,4100,lavender traditional Saree for everyday. Made from cotton. Suitable for traditional looks and everyday occasions.
P1870,Watch,accessories,formal,black,party,silk,3500,black formal Watch for party. Made from silk. Suitable for formal looks and party occasions.
P1871,Tote Bag,accessories,minimal,brown,college,linen,8000,brown minimal Tote Bag for college. Made from linen. Suitable for minimal looks and college occasions.
P1872,Statement Earrings,accessories,minimal,blue,office,linen,5500,blue minimal Statement Earrings for office. Made from linen. Suitable for minimal looks and office occasions.
P1873,Shoulder Bag,accessories,minimal,navy,everyday,satin,2900,navy minimal Shoulder Bag for everyday. Made from satin. Suitable for minimal looks and everyday occasions.
P1874,Saree,ethnic,minimal,red,festive,denim,4600,red minimal Saree for festive. Made from denim. Suitable for minimal looks and festive occasions.
P1875,Satin Top,tops,traditional,navy,travel,knit,8500,navy traditional Satin Top for travel. Made from knit. Suitable for traditional looks and travel occasions.
P1876,Bodycon Dress,dresses,streetwear,brown,travel,denim,2100,brown streetwear Bodycon Dress for travel. Made from denim. Suitable for streetwear looks and travel occasions.
P1877,Bodycon Dress,dresses,formal,beige,everyday,polyester,2600,beige formal Bodycon Dress for everyday. Made from polyester. Suitable for formal looks and everyday occasions.
P1878,Loafers,shoes,traditional,navy,party,denim,6900,navy traditional Loafers for party. Made from denim. Suitable for traditional looks and party occasions.
P1879,Anarkali,ethnic,streetwear,pink,college,silk,1200,pink streetwear Anarkali for college. Made from silk. Suitable for streetwear looks and college occasions.
P1880,Blouse,tops,streetwear,lavender,office,cotton,6900,lavender streetwear Blouse for office. Made from cotton. Suitable for streetwear looks and office occasions.
P1881,Anarkali,ethnic,trendy,green,college,cotton,3900,green trendy Anarkali for college. Made from cotton. Suitable for trendy looks and college occasions.
P1882,Blouse,tops,minimal,navy,party,cotton,9800,navy minimal Blouse for party. Made from cotton. Suitable for minimal looks and party occasions.
P1883,Kurta Set,ethnic,formal,blue,festive,satin,1700,blue formal Kurta Set for festive. Made from satin. Suitable for formal looks and festive occasions.
P1884,Kurta Set,ethnic,elegant,brown,travel,linen,9300,brown elegant Kurta Set for travel. Made from linen. Suitable for elegant looks and travel occasions.
P1885,Statement Earrings,accessories,trendy,red,office,denim,4500,red trendy Statement Earrings for office. Made from denim. Suitable for trendy looks and office occasions.
P1886,Loafers,shoes,casual,lavender,festive,polyester,4800,lavender casual Loafers for festive. Made from polyester. Suitable for casual looks and festive occasions.
P1887,Sneakers,shoes,formal,blue,date,linen,6000,blue formal Sneakers for date. Made from linen. Suitable for formal looks and date occasions.
P1888,Sneakers,shoes,minimal,pink,office,denim,7900,pink minimal Sneakers for office. Made from denim. Suitable for minimal looks and office occasions.
P1889,Statement Earrings,accessories,traditional,beige,festive,knit,6200,beige traditional Statement Earrings for festive. Made from knit. Suitable for traditional looks and festive occasions.
P1890,Maxi Dress,dresses,traditional,brown,travel,satin,9400,brown traditional Maxi Dress for travel. Made from satin. Suitable for traditional looks and travel occasions.
P1891,Clutch,accessories,trendy,green,festive,silk,6000,green trendy Clutch for festive. Made from silk. Suitable for trendy looks and festive occasions.
P1892,Pleated Skirt,bottoms,elegant,navy,college,knit,6000,navy elegant Pleated Skirt for college. Made from knit. Suitable for elegant looks and college occasions.
P1893,Maxi Dress,dresses,traditional,pink,wedding,satin,7200,pink traditional Maxi Dress for wedding. Made from satin. Suitable for traditional looks and wedding occasions.
P1894,Kurta Set,ethnic,traditional,navy,date,cotton,5700,navy traditional Kurta Set for date. Made from cotton. Suitable for traditional looks and date occasions.
P1895,Knit Top,tops,formal,black,everyday,knit,7300,black formal Knit Top for everyday. Made from knit. Suitable for formal looks and everyday occasions.
P1896,Wide Leg Trousers,bottoms,elegant,black,date,knit,9000,black elegant Wide Leg Trousers for date. Made from knit. Suitable for elegant looks and date occasions.
P1897,Wrap Dress,dresses,traditional,white,date,satin,6800,white traditional Wrap Dress for date. Made from satin. Suitable for traditional looks and date occasions.
P1898,Clutch,accessories,streetwear,black,office,polyester,8100,black streetwear Clutch for office. Made from polyester. Suitable for streetwear looks and office occasions.
P1899,Watch,accessories,formal,black,wedding,satin,2500,black formal Watch for wedding. Made from satin. Suitable for formal looks and wedding occasions.
P1900,Flats,shoes,casual,blue,party,denim,8700,blue casual Flats for party. Made from denim. Suitable for casual looks and party occasions.
P1901,Anarkali,ethnic,streetwear,brown,wedding,cotton,1500,brown streetwear Anarkali for wedding. Made from cotton. Suitable for streetwear looks and wedding occasions.
P1902,Maxi Dress,dresses,traditional,white,office,linen,3300,white traditional Maxi Dress for office. Made from linen. Suitable for traditional looks and office occasions.
P1903,Bodycon Dress,dresses,elegant,navy,everyday,silk,1400,navy elegant Bodycon Dress for everyday. Made from silk. Suitable for elegant looks and everyday occasions.
P1904,Wrap Dress,dresses,trendy,brown,party,knit,3700,brown trendy Wrap Dress for party. Made from knit. Suitable for trendy looks and party occasions.
P1905,Loafers,shoes,streetwear,lavender,everyday,knit,9100,lavender streetwear Loafers for everyday. Made from knit. Suitable for streetwear looks and everyday occasions.
P1906,Block Heels,shoes,trendy,beige,college,linen,2500,beige trendy Block Heels for college. Made from linen. Suitable for trendy looks and college occasions.
P1907,Tote Bag,accessories,casual,navy,wedding,silk,6800,navy casual Tote Bag for wedding. Made from silk. Suitable for casual looks and wedding occasions.
P1908,Saree,ethnic,formal,white,everyday,denim,9200,white formal Saree for everyday. Made from denim. Suitable for formal looks and everyday occasions.
P1909,Sharara Set,ethnic,trendy,white,everyday,silk,6100,white trendy Sharara Set for everyday. Made from silk. Suitable for trendy looks and everyday occasions.
P1910,Satin Top,tops,minimal,brown,office,satin,5600,brown minimal Satin Top for office. Made from satin. Suitable for minimal looks and office occasions.
P1911,Shirt Dress,dresses,minimal,black,everyday,cotton,5200,black minimal Shirt Dress for everyday. Made from cotton. Suitable for minimal looks and everyday occasions.
P1912,Knit Top,tops,formal,brown,date,cotton,2700,brown formal Knit Top for date. Made from cotton. Suitable for formal looks and date occasions.
P1913,Lehenga,ethnic,streetwear,navy,wedding,denim,9700,navy streetwear Lehenga for wedding. Made from denim. Suitable for streetwear looks and wedding occasions.
P1914,Flats,shoes,traditional,white,party,polyester,2600,white traditional Flats for party. Made from polyester. Suitable for traditional looks and party occasions.
P1915,Lehenga,ethnic,minimal,brown,party,denim,9100,brown minimal Lehenga for party. Made from denim. Suitable for minimal looks and party occasions.
P1916,Sharara Set,ethnic,elegant,brown,festive,silk,8400,brown elegant Sharara Set for festive. Made from silk. Suitable for elegant looks and festive occasions.
P1917,Tote Bag,accessories,traditional,navy,date,linen,9600,navy traditional Tote Bag for date. Made from linen. Suitable for traditional looks and date occasions.
P1918,Lehenga,ethnic,traditional,green,festive,cotton,1200,green traditional Lehenga for festive. Made from cotton. Suitable for traditional looks and festive occasions.
P1919,Maxi Dress,dresses,casual,white,office,silk,9300,white casual Maxi Dress for office. Made from silk. Suitable for casual looks and office occasions.
P1920,Palazzo Pants,bottoms,streetwear,blue,wedding,cotton,2900,blue streetwear Palazzo Pants for wedding. Made from cotton. Suitable for streetwear looks and wedding occasions.
P1921,Statement Earrings,accessories,streetwear,red,office,cotton,8500,red streetwear Statement Earrings for office. Made from cotton. Suitable for streetwear looks and office occasions.
P1922,Anarkali,ethnic,elegant,white,everyday,knit,5400,white elegant Anarkali for everyday. Made from knit. Suitable for elegant looks and everyday occasions.
P1923,Block Heels,shoes,casual,green,office,polyester,6400,green casual Block Heels for office. Made from polyester. Suitable for casual looks and office occasions.
P1924,Straight Jeans,bottoms,formal,lavender,wedding,linen,3900,lavender formal Straight Jeans for wedding. Made from linen. Suitable for formal looks and wedding occasions.
P1925,Pleated Skirt,bottoms,formal,pink,wedding,linen,2700,pink formal Pleated Skirt for wedding. Made from linen. Suitable for formal looks and wedding occasions.
P1926,Straight Jeans,bottoms,elegant,lavender,college,polyester,9200,lavender elegant Straight Jeans for college. Made from polyester. Suitable for elegant looks and college occasions.
P1927,Maxi Dress,dresses,elegant,beige,college,denim,5900,beige elegant Maxi Dress for college. Made from denim. Suitable for elegant looks and college occasions.
P1928,Sandals,shoes,streetwear,white,travel,linen,9400,white streetwear Sandals for travel. Made from linen. Suitable for streetwear looks and travel occasions.
P1929,Watch,accessories,trendy,blue,wedding,satin,6700,blue trendy Watch for wedding. Made from satin. Suitable for trendy looks and wedding occasions.
P1930,Loafers,shoes,minimal,lavender,party,knit,1500,lavender minimal Loafers for party. Made from knit. Suitable for minimal looks and party occasions.
P1931,Pleated Skirt,bottoms,formal,red,office,satin,1700,red formal Pleated Skirt for office. Made from satin. Suitable for formal looks and office occasions.
P1932,Oversized Shirt,tops,minimal,white,office,silk,3600,white minimal Oversized Shirt for office. Made from silk. Suitable for minimal looks and office occasions.
P1933,Shirt Dress,dresses,traditional,green,college,linen,4400,green traditional Shirt Dress for college. Made from linen. Suitable for traditional looks and college occasions.
P1934,Sharara Set,ethnic,formal,green,office,knit,2700,green formal Sharara Set for office. Made from knit. Suitable for formal looks and office occasions.
P1935,Anarkali,ethnic,traditional,lavender,wedding,knit,7300,lavender traditional Anarkali for wedding. Made from knit. Suitable for traditional looks and wedding occasions.
P1936,Sandals,shoes,minimal,red,college,satin,9600,red minimal Sandals for college. Made from satin. Suitable for minimal looks and college occasions.
P1937,Shirt Dress,dresses,trendy,pink,college,cotton,5000,pink trendy Shirt Dress for college. Made from cotton. Suitable for trendy looks and college occasions.
P1938,Palazzo Pants,bottoms,casual,green,college,linen,3300,green casual Palazzo Pants for college. Made from linen. Suitable for casual looks and college occasions.
P1939,Loafers,shoes,streetwear,black,wedding,silk,1600,black streetwear Loafers for wedding. Made from silk. Suitable for streetwear looks and wedding occasions.
P1940,Sandals,shoes,formal,black,travel,cotton,6000,black formal Sandals for travel. Made from cotton. Suitable for formal looks and travel occasions.
P1941,Sandals,shoes,elegant,navy,everyday,linen,4100,navy elegant Sandals for everyday. Made from linen. Suitable for elegant looks and everyday occasions.
P1942,Shoulder Bag,accessories,elegant,black,everyday,satin,3500,black elegant Shoulder Bag for everyday. Made from satin. Suitable for elegant looks and everyday occasions.
P1943,Clutch,accessories,trendy,brown,date,knit,3600,brown trendy Clutch for date. Made from knit. Suitable for trendy looks and date occasions.
P1944,Midi Dress,dresses,elegant,blue,festive,polyester,9400,blue elegant Midi Dress for festive. Made from polyester. Suitable for elegant looks and festive occasions.
P1945,Shoulder Bag,accessories,traditional,brown,college,silk,5500,brown traditional Shoulder Bag for college. Made from silk. Suitable for traditional looks and college occasions.
P1946,Tote Bag,accessories,trendy,red,party,cotton,6300,red trendy Tote Bag for party. Made from cotton. Suitable for trendy looks and party occasions.
P1947,Shirt Dress,dresses,minimal,green,wedding,denim,6200,green minimal Shirt Dress for wedding. Made from denim. Suitable for minimal looks and wedding occasions.
P1948,Maxi Dress,dresses,casual,white,college,linen,5900,white casual Maxi Dress for college. Made from linen. Suitable for casual looks and college occasions.
P1949,Watch,accessories,traditional,black,college,knit,9900,black traditional Watch for college. Made from knit. Suitable for traditional looks and college occasions.
P1950,Satin Top,tops,elegant,black,party,silk,3000,black elegant Satin Top for party. Made from silk. Suitable for elegant looks and party occasions.
P1951,Anarkali,ethnic,minimal,green,wedding,denim,2300,green minimal Anarkali for wedding. Made from denim. Suitable for minimal looks and wedding occasions.
P1952,Flats,shoes,trendy,white,office,cotton,3900,white trendy Flats for office. Made from cotton. Suitable for trendy looks and office occasions.
P1953,Sneakers,shoes,trendy,green,wedding,silk,9800,green trendy Sneakers for wedding. Made from silk. Suitable for trendy looks and wedding occasions.
P1954,Saree,ethnic,streetwear,navy,date,knit,9000,navy streetwear Saree for date. Made from knit. Suitable for streetwear looks and date occasions.
P1955,Oversized Shirt,tops,minimal,green,office,cotton,5100,green minimal Oversized Shirt for office. Made from cotton. Suitable for minimal looks and office occasions.
P1956,Pleated Skirt,bottoms,minimal,white,wedding,linen,7300,white minimal Pleated Skirt for wedding. Made from linen. Suitable for minimal looks and wedding occasions.
P1957,Blouse,tops,formal,navy,wedding,cotton,5400,navy formal Blouse for wedding. Made from cotton. Suitable for formal looks and wedding occasions.
P1958,Tote Bag,accessories,elegant,blue,everyday,polyester,6500,blue elegant Tote Bag for everyday. Made from polyester. Suitable for elegant looks and everyday occasions.
P1959,Midi Dress,dresses,trendy,black,date,denim,8200,black trendy Midi Dress for date. Made from denim. Suitable for trendy looks and date occasions.
P1960,Palazzo Pants,bottoms,streetwear,white,college,denim,8500,white streetwear Palazzo Pants for college. Made from denim. Suitable for streetwear looks and college occasions.
P1961,Pleated Skirt,bottoms,elegant,red,festive,silk,1200,red elegant Pleated Skirt for festive. Made from silk. Suitable for elegant looks and festive occasions.
P1962,Crop Top,tops,trendy,beige,festive,satin,1300,beige trendy Crop Top for festive. Made from satin. Suitable for trendy looks and festive occasions.
P1963,Clutch,accessories,elegant,navy,travel,cotton,8400,navy elegant Clutch for travel. Made from cotton. Suitable for elegant looks and travel occasions.
P1964,Saree,ethnic,streetwear,lavender,wedding,knit,1000,lavender streetwear Saree for wedding. Made from knit. Suitable for streetwear looks and wedding occasions.
P1965,Lehenga,ethnic,trendy,red,college,knit,2000,red trendy Lehenga for college. Made from knit. Suitable for trendy looks and college occasions.
P1966,Flats,shoes,formal,pink,everyday,silk,8000,pink formal Flats for everyday. Made from silk. Suitable for formal looks and everyday occasions.
P1967,Watch,accessories,streetwear,navy,date,linen,5500,navy streetwear Watch for date. Made from linen. Suitable for streetwear looks and date occasions.
P1968,Straight Jeans,bottoms,casual,black,date,knit,9400,black casual Straight Jeans for date. Made from knit. Suitable for casual looks and date occasions.
P1969,Anarkali,ethnic,casual,navy,date,denim,8000,navy casual Anarkali for date. Made from denim. Suitable for casual looks and date occasions.
P1970,Wide Leg Trousers,bottoms,traditional,pink,travel,denim,9100,pink traditional Wide Leg Trousers for travel. Made from denim. Suitable for traditional looks and travel occasions.
P1971,Lehenga,ethnic,elegant,white,date,satin,9100,white elegant Lehenga for date. Made from satin. Suitable for elegant looks and date occasions.
P1972,Saree,ethnic,streetwear,beige,everyday,silk,900,beige streetwear Saree for everyday. Made from silk. Suitable for streetwear looks and everyday occasions.
P1973,Wide Leg Trousers,bottoms,trendy,black,travel,silk,8800,black trendy Wide Leg Trousers for travel. Made from silk. Suitable for trendy looks and travel occasions.
P1974,Sneakers,shoes,trendy,black,office,denim,8500,black trendy Sneakers for office. Made from denim. Suitable for trendy looks and office occasions.
P1975,Loafers,shoes,elegant,brown,party,denim,4200,brown elegant Loafers for party. Made from denim. Suitable for elegant looks and party occasions.
P1976,Sharara Set,ethnic,casual,blue,party,linen,8600,blue casual Sharara Set for party. Made from linen. Suitable for casual looks and party occasions.
P1977,Shoulder Bag,accessories,casual,white,college,linen,9400,white casual Shoulder Bag for college. Made from linen. Suitable for casual looks and college occasions.
P1978,Flats,shoes,traditional,green,college,satin,9800,green traditional Flats for college. Made from satin. Suitable for traditional looks and college occasions.
P1979,Satin Top,tops,formal,pink,date,cotton,9300,pink formal Satin Top for date. Made from cotton. Suitable for formal looks and date occasions.
P1980,Lehenga,ethnic,formal,black,wedding,denim,2000,black formal Lehenga for wedding. Made from denim. Suitable for formal looks and wedding occasions.
P1981,Shirt Dress,dresses,trendy,white,office,linen,3300,white trendy Shirt Dress for office. Made from linen. Suitable for trendy looks and office occasions.
P1982,Lehenga,ethnic,minimal,red,office,polyester,6100,red minimal Lehenga for office. Made from polyester. Suitable for minimal looks and office occasions.
P1983,Kurta Set,ethnic,elegant,green,travel,denim,5900,green elegant Kurta Set for travel. Made from denim. Suitable for elegant looks and travel occasions.
P1984,Clutch,accessories,trendy,pink,college,linen,5400,pink trendy Clutch for college. Made from linen. Suitable for trendy looks and college occasions.
P1985,Wrap Dress,dresses,casual,lavender,college,cotton,8400,lavender casual Wrap Dress for college. Made from cotton. Suitable for casual looks and college occasions.
P1986,Blouse,tops,traditional,navy,travel,linen,5500,navy traditional Blouse for travel. Made from linen. Suitable for traditional looks and travel occasions.
P1987,Block Heels,shoes,formal,beige,festive,knit,9000,beige formal Block Heels for festive. Made from knit. Suitable for formal looks and festive occasions.
P1988,Midi Dress,dresses,casual,lavender,festive,satin,2200,lavender casual Midi Dress for festive. Made from satin. Suitable for casual looks and festive occasions.
P1989,Block Heels,shoes,traditional,brown,everyday,denim,4100,brown traditional Block Heels for everyday. Made from denim. Suitable for traditional looks and everyday occasions.
P1990,Oversized Shirt,tops,minimal,blue,travel,linen,5300,blue minimal Oversized Shirt for travel. Made from linen. Suitable for minimal looks and travel occasions.
P1991,Knit Top,tops,minimal,white,wedding,silk,5900,white minimal Knit Top for wedding. Made from silk. Suitable for minimal looks and wedding occasions.
P1992,Anarkali,ethnic,minimal,navy,office,denim,9000,navy minimal Anarkali for office. Made from denim. Suitable for minimal looks and office occasions.
P1993,Straight Jeans,bottoms,trendy,red,wedding,satin,2300,red trendy Straight Jeans for wedding. Made from satin. Suitable for trendy looks and wedding occasions.
P1994,Sneakers,shoes,streetwear,red,party,satin,4000,red streetwear Sneakers for party. Made from satin. Suitable for streetwear looks and party occasions.
P1995,Saree,ethnic,minimal,white,office,silk,6000,white minimal Saree for office. Made from silk. Suitable for minimal looks and office occasions.
P1996,Sneakers,shoes,traditional,brown,wedding,linen,6500,brown traditional Sneakers for wedding. Made from linen. Suitable for traditional looks and wedding occasions.
P1997,Maxi Dress,dresses,elegant,red,date,knit,7700,red elegant Maxi Dress for date. Made from knit. Suitable for elegant looks and date occasions.
P1998,Statement Earrings,accessories,formal,white,party,knit,1100,white formal Statement Earrings for party. Made from knit. Suitable for formal looks and party occasions.
P1999,Wide Leg Trousers,bottoms,formal,beige,office,linen,7200,beige formal Wide Leg Trousers for office. Made from linen. Suitable for formal looks and office occasions.
P2000,Flats,shoes,trendy,green,party,silk,9600,green trendy Flats for party. Made from silk. Suitable for trendy looks and party occasions.
